Ball of foot m,Bridge m,Heel m,Calf m,Inner shin m,Outer shin m,acc x m,acc y m,acc z m,gyro x m,gyro y m,gyro z m,Ball of foot s,Bridge s,Heel s,Calf s,Inner shin s,Outer shin s,acc x s,acc y s,acc z s,gyro x s,gyro y s,gyro z s
506,510,509,509,463,381,-348,-280,-32,-1744,1231,1922,512,495,500,463,468,505,168,4,12,1665,-418,248
507,510,509,509,468,375,-352,-8,140,-512,0,906,512,495,499,463,467,506,276,64,140,1433,-335,466
504,510,509,509,466,374,-204,-84,24,375,-2046,-606,513,495,504,463,467,506,296,-164,292,709,2293,1679
501,510,509,509,461,370,-60,-168,84,-703,-1888,-1366,513,495,504,463,466,508,188,60,184,1070,2610,2328
502,510,509,509,457,371,-228,-184,60,-868,-1713,1620,513,495,504,463,467,507,196,168,4,1934,2232,3016
501,510,509,509,459,376,-220,-172,136,-879,-1720,-56,513,495,504,463,465,506,296,-140,48,2465,1019,3393
500,510,509,509,459,372,-308,-144,68,-802,-1912,1338,513,495,503,461,462,504,180,-8,-80,2777,-1235,784
495,510,509,509,458,377,-244,-128,-12,-1449,-305,2969,512,495,505,460,462,508,280,108,264,400,513,1525
492,510,509,508,461,377,-272,-104,48,-1155,-1188,29,513,495,504,460,463,505,296,-536,212,-104,1467,1014
493,509,509,508,464,376,-168,-160,100,-597,-1004,1356,512,495,505,461,462,505,356,-140,96,1685,-1152,1296
488,510,509,508,462,376,-252,-120,136,-1049,-896,968,513,495,504,462,461,505,268,56,304,1956,450,1156
494,510,509,508,464,376,-276,-244,40,-1329,-539,383,513,495,505,463,458,506,264,132,260,1235,-35,786
493,510,509,508,465,379,-100,-244,32,-1322,-15,3187,513,495,505,462,459,507,132,-24,96,941,299,297
461,510,509,508,461,375,-316,-128,16,-1621,-403,-595,513,495,506,462,460,507,224,-36,68,1463,-111,675
442,510,509,508,450,371,-180,20,132,-1552,-172,3165,513,495,505,463,459,506,372,0,320,1894,-1977,670
458,510,509,508,455,373,-296,-152,16,-1936,1510,2000,513,495,505,463,459,506,364,-700,164,1351,291,1421
465,510,509,508,456,372,-268,-100,96,-1696,1300,667,513,495,505,464,459,506,124,52,-40,2247,-1097,-613
495,510,509,508,469,371,-132,-136,204,-1527,2130,1882,513,495,506,464,459,507,248,136,84,3432,-3729,-1181
507,510,509,509,470,360,-308,-108,16,-3329,5266,2268,513,495,506,468,460,509,324,4,160,2295,-3846,-1315
508,510,509,509,475,357,-216,-28,4,-1100,5980,-619,512,495,505,469,460,498,316,0,-164,4894,-7761,-4682
507,510,509,509,479,358,-4,-252,12,2517,10338,-3919,510,496,506,464,449,502,112,260,-16,1510,-6396,-2800
506,510,509,509,480,365,-204,-72,220,3224,4264,-3098,496,495,506,465,452,497,228,104,56,-1001,-5472,-2089
508,510,509,508,477,366,-320,-8,172,1345,7310,1520,487,495,506,464,452,493,108,-44,56,-1902,-5817,-2638
509,510,509,508,477,368,-848,-340,108,-1366,4550,1848,480,496,504,460,451,495,-76,236,348,-3151,-4799,-1381
509,510,509,508,478,364,-120,-216,60,-168,1519,-1568,476,495,501,460,447,494,376,-432,52,-1548,-3345,825
508,510,509,509,478,366,-280,-200,176,1814,1613,2052,478,495,493,460,455,491,220,308,132,1166,-2662,-1132
509,510,509,509,477,368,-216,-92,84,1782,3549,1930,488,495,493,459,456,489,316,-100,-36,-1342,-3350,-261
509,510,509,509,476,368,-48,-180,4,2303,3935,2803,503,495,493,458,456,495,188,708,72,-1494,-3064,2
509,510,509,509,477,363,20,-100,88,4389,978,2894,480,495,492,463,453,490,176,88,-188,-2227,-466,2170
508,510,509,509,470,358,-588,-68,-124,2323,5663,3257,504,496,505,473,464,505,144,96,348,-3272,-338,2713
509,510,509,508,479,362,-264,-24,224,2681,-809,-674,496,496,504,468,472,506,784,328,-12,-1618,-3350,803
509,510,509,508,479,362,-288,-76,12,3689,1487,4014,460,495,493,467,459,495,608,-1020,-472,1099,-2501,-3230
509,510,509,508,474,362,-280,-180,88,3651,-5,195,483,495,489,467,446,490,244,188,92,-1969,-2540,678
509,510,509,509,472,362,-108,-428,292,3340,-633,-886,502,495,487,462,448,495,52,228,60,-1756,-2339,449
509,510,509,509,476,361,-344,-152,28,2034,1336,10681,508,495,485,462,441,492,320,140,152,-2340,-2066,2728
509,510,509,508,481,349,-56,76,44,1058,-2801,-2678,512,495,489,463,449,500,168,336,248,-2595,-162,1887
509,510,509,509,478,351,-72,-396,124,-617,2403,-1396,508,496,489,461,446,498,420,-428,-156,-2110,-2150,1970
509,510,509,509,478,347,184,-528,552,1623,2121,-1699,499,495,487,464,442,490,568,232,368,-2456,-359,2304
509,510,509,509,477,351,-224,-168,136,3310,1617,1574,489,496,490,465,434,494,192,4,108,-2808,-547,1693
509,510,509,509,477,353,-200,-160,140,3866,-920,2411,493,495,488,463,436,498,152,332,380,-2774,-64,3080
509,510,509,509,474,354,-412,-12,228,4017,-3242,5894,497,496,491,463,448,498,276,244,28,-2977,1498,3036
509,510,509,509,463,355,-164,-196,0,4269,-6445,1582,494,496,490,465,442,498,436,-184,140,-3586,1990,4280
509,510,509,509,460,356,-192,-64,320,4274,-10075,4712,507,495,494,465,455,499,152,92,16,-4308,4441,4923
509,510,509,509,453,357,-84,-204,136,1921,-7404,1977,512,495,499,474,478,506,140,256,184,-2601,5681,5307
508,510,509,509,446,358,-132,-140,-24,-3791,-4625,-2506,512,495,496,463,479,504,408,-296,44,-199,8376,3870
504,510,509,509,449,358,-188,-32,-192,-356,-8528,5150,512,495,497,468,481,498,116,92,104,5366,10678,6382
492,509,509,509,454,363,-316,-44,-16,-4829,-472,-6232,511,495,497,464,469,490,628,-96,12,5985,3392,5297
486,510,509,509,449,358,-92,-312,8,-1087,-1840,2318,509,495,498,463,459,485,364,384,208,3251,4120,1902
412,510,509,508,480,327,-512,-224,40,-2813,-2305,-8648,512,495,503,457,458,498,280,-184,-628,-1626,3736,2557
411,510,509,508,437,371,-340,-284,416,260,-2987,-1673,513,495,499,454,454,503,412,256,32,-252,531,4082
458,509,509,508,459,379,-164,-160,236,-324,-1880,4708,513,510,497,454,458,503,224,312,228,3306,-795,2435
456,509,509,508,450,371,-340,-116,64,-1689,-130,2803,513,510,497,455,454,500,-220,-196,-104,3188,-468,2721
449,510,509,507,453,368,-156,-136,-12,-2121,-1669,-287,513,511,499,464,455,507,-60,264,-24,392,2625,3748
387,510,509,508,418,419,-336,-328,200,-1119,-2318,1232,513,510,502,464,456,507,84,536,796,350,1357,2108
367,510,509,508,421,430,-204,-120,148,81,-1510,3695,513,511,501,457,462,507,104,952,112,2643,934,3818
371,509,509,507,421,426,-28,56,156,-722,-2068,2732,513,511,503,462,460,509,92,-212,-248,4272,1571,4752
377,510,509,507,429,430,-76,-112,32,-2017,-1617,2833,513,511,503,462,457,509,1068,-276,-72,2392,-1111,6127
412,510,509,508,424,432,-248,-172,-8,-1529,147,5271,513,508,501,462,461,508,-40,1212,224,5536,-1712,-3541
406,509,509,506,458,331,-328,-168,60,262,2926,13884,513,505,501,461,460,509,188,-72,-180,-1296,1109,-257
496,510,509,505,488,274,-776,-220,-192,-3347,4824,-8892,513,507,501,460,459,507,256,-76,60,650,1533,1601
459,510,509,509,427,330,-164,-12,4,-9501,-5950,-2731,513,507,500,458,464,508,468,32,40,4065,-2580,155
494,510,509,509,422,339,-232,-196,216,-1651,805,2740,513,508,502,456,462,507,188,124,32,2547,-2218,-26
455,510,509,509,415,337,-312,16,96,-1507,-317,3157,513,509,503,457,459,506,244,156,340,1238,428,1775
421,510,509,508,418,334,-432,-236,64,-2106,419,-738,513,509,502,457,463,507,76,8,-48,3304,-2050,3209
402,510,509,509,414,379,-336,-204,16,-2710,1916,1824,513,505,500,461,468,506,160,-48,56,9590,-2695,-1227
501,510,509,509,441,370,-28,-200,284,-888,2750,5092,513,505,501,464,471,506,116,328,228,3330,-3548,-1202
509,510,509,508,457,352,-324,-84,-44,-5251,10063,-2910,512,503,499,468,473,506,344,244,80,3880,-6005,-2308
508,510,509,509,465,347,-132,28,284,-826,9854,-2812,512,505,502,465,460,507,-348,152,-52,5318,-8622,-5877
509,510,509,509,450,363,-24,-116,-104,-213,16300,-5978,510,510,505,469,457,509,-396,144,-140,382,-14819,-8143
504,510,509,507,486,424,152,428,4,8325,1,4339,500,510,509,469,456,503,1020,-348,196,1197,-12274,425
508,509,509,506,478,445,-536,-388,452,-1866,-6325,-2524,469,499,502,466,454,495,320,-64,316,1148,-4519,-6295
509,510,509,508,480,408,-92,-108,144,1965,5915,7949,498,502,496,469,470,505,220,60,400,-3589,-3685,3234
509,510,509,507,490,327,-228,-136,36,4386,2813,4564,503,505,496,468,470,505,376,716,108,-333,-4530,732
509,510,509,507,487,331,-164,-276,172,3453,2716,-7840,479,503,498,465,467,499,548,-176,176,-1547,-3134,484
509,509,509,509,469,356,-188,20,-168,3997,4090,-3517,469,502,495,468,456,492,452,388,92,-1805,-3475,2185
509,510,509,509,465,361,20,-80,-60,5345,-1156,670,418,497,497,462,458,490,704,-512,92,-3234,-1515,5403
509,510,509,506,463,351,-600,-340,-160,1885,-5254,1941,483,511,504,469,476,507,640,48,128,-3303,-2697,5427
509,510,509,509,465,364,-172,-56,168,1336,-4723,-8482,510,510,504,469,471,509,48,192,76,-2220,-1768,3363
509,510,509,509,465,370,-128,-216,240,4612,1248,5478,494,499,494,461,473,502,268,56,68,-2739,871,317
509,510,509,509,463,370,-256,-124,20,2664,3782,3793,483,499,490,463,456,491,404,-384,120,-2698,-1092,2325
509,510,509,509,467,367,-284,-144,196,3391,-1117,87,479,499,489,464,429,490,464,-84,-52,-2580,-80,1836
509,510,509,509,467,367,-76,-168,96,4360,-1449,2641,473,497,488,460,384,486,444,-716,-168,-2675,-1309,3369
509,510,509,509,464,358,-356,-36,384,4859,-3129,967,494,500,489,456,421,498,-8,312,76,-2889,2347,3972
509,510,509,509,462,362,-116,-120,-132,3520,-4377,1736,493,498,489,460,417,502,152,-92,116,-4401,5300,5288
507,510,509,510,449,361,-260,-320,216,4567,-9002,-373,509,506,494,460,461,501,240,76,188,-2067,1570,2348
509,510,509,509,452,365,-284,-68,88,2977,-1604,949,511,505,495,459,458,500,380,60,100,-4377,5906,5088
507,510,509,509,443,362,-176,-100,324,5490,-12243,2140,512,505,497,458,461,503,260,76,328,-1987,6629,5388
499,510,509,509,427,387,-352,-68,132,-989,-5652,-3780,512,508,501,461,475,505,160,68,100,3176,6820,3739
496,510,509,509,432,411,28,-272,-108,833,-7991,3157,512,508,502,457,470,507,60,-576,-172,3474,6690,7955
495,510,509,510,442,407,-104,160,264,-470,-6326,7431,512,505,501,455,458,496,220,-184,-476,4571,6282,5790
475,510,509,509,428,402,-460,48,12,359,-3287,1940,510,498,499,456,460,491,-124,-160,-336,1801,1747,-2497
462,510,509,509,444,403,-136,-80,20,4331,-695,7412,512,504,502,458,463,494,-92,308,116,-1768,2786,268
496,510,509,509,439,388,-216,-244,80,-1610,-2122,-3332,513,504,502,457,462,494,-60,196,212,456,2975,723
505,510,509,509,448,388,-264,-176,380,1298,-4730,3498,513,506,501,457,457,504,316,68,156,1760,309,2413
506,510,509,509,457,378,-188,-148,60,-1759,1179,5105,513,507,500,458,457,504,360,-84,260,2056,-215,1578
504,510,509,509,462,365,-408,-60,180,-1855,-989,-186,513,507,503,457,457,505,228,-4,136,1136,-455,759
471,510,509,509,429,382,-228,-148,-28,-2093,-1458,-1500,513,509,503,458,453,503,-188,0,260,1433,1373,2628
451,510,509,509,422,407,-204,-196,152,-1543,-522,1445,513,509,503,457,458,506,244,-84,4,2395,152,2798
432,510,509,509,426,440,-364,-184,56,-1972,495,-447,513,511,504,457,455,507,312,28,128,2284,613,2903
432,510,509,509,430,457,-244,-120,-12,-1251,-629,2767,513,511,503,458,454,507,340,20,-72,4087,32,3929
478,510,509,509,441,460,-124,-196,104,-1738,-188,3234,513,511,504,457,451,508,212,96,-48,3482,207,4720
491,510,509,509,449,462,-112,-280,140,-2865,1143,4091,513,511,504,458,453,509,280,52,52,1204,-964,-313
466,510,509,509,442,457,-152,-156,112,-2276,-346,1860,513,511,505,459,454,506,0,248,184,195,-1130,-1286
458,510,509,509,435,451,-396,-196,-4,-2166,1494,2101,513,511,504,459,460,507,40,268,240,315,-1785,-2103
486,510,509,509,447,452,-184,-292,208,-1626,2096,4244,513,510,504,460,460,506,380,-28,-204,2120,-2428,1223
497,510,509,509,429,414,-220,-352,164,-1824,2116,325,513,510,504,459,465,505,404,112,376,2422,-2023,1361
486,510,509,509,426,410,-216,-88,12,-2575,2293,1549,513,510,506,459,462,507,280,-12,28,2625,-4238,-1874
490,510,509,509,438,411,-204,-76,84,-614,2741,-2942,513,510,505,464,461,508,16,36,40,3199,-6092,-3859
503,510,509,509,441,415,-284,-56,140,-1600,6165,-3693,512,510,505,470,456,504,-16,120,164,2599,-6726,-4781
507,510,509,509,459,414,-120,-156,76,-2153,9636,-3038,509,510,502,466,460,499,364,96,64,2720,-6821,-3095
508,510,509,508,456,421,-112,-136,88,1252,5891,-662,506,509,500,464,456,497,332,-20,8,-1005,-6818,-1940
509,510,509,508,449,422,-420,-288,280,894,3195,1409,504,509,495,463,461,486,276,88,24,-1027,-4386,-921
508,510,509,508,451,423,-180,-156,32,-2064,4997,836,494,509,500,463,456,487,44,456,232,-1369,-2419,-951
508,510,509,508,461,416,-328,-172,256,1267,-633,-738,488,509,498,463,451,488,404,-272,28,-1252,-4049,111
509,510,509,508,461,414,-196,-272,184,789,3373,3655,487,509,490,463,453,487,564,-132,36,-1985,-1955,1764
509,510,509,508,459,413,-348,-196,148,1172,2001,-1190,493,509,500,463,456,494,364,108,168,-2080,-1648,1358
509,510,509,508,458,413,-200,-148,152,3499,3613,4596,483,509,504,465,453,490,404,-260,236,-1357,-3194,265
509,510,509,508,455,416,-244,-148,244,2015,2204,2363,492,508,496,464,450,487,296,-92,-88,-1993,-2483,569
509,510,509,508,462,411,-376,-136,88,750,3429,807,499,509,489,462,447,488,556,-4,184,-2791,-869,2691
509,509,509,509,468,406,-184,-184,228,3954,3040,4189,503,509,484,461,428,489,416,-100,220,-1641,-2697,1281
509,510,509,509,462,398,-420,-220,228,2403,2083,2087,509,509,485,462,440,487,492,-236,-88,-1620,-2399,865
509,510,509,509,465,398,-244,-272,208,2179,-187,153,512,509,489,462,442,486,180,100,-212,-1778,-1135,-186
509,510,509,509,463,397,-196,-192,116,4131,-1147,-274,502,509,489,464,440,484,252,-304,116,-3088,976,2199
509,510,509,509,460,402,-436,-416,180,3703,-2052,544,493,509,489,464,393,484,420,196,-148,-2115,-2169,2007
509,510,509,509,463,401,-160,-40,184,1352,-788,-2928,492,509,496,467,402,490,252,156,-148,-2836,648,2999
509,509,509,509,463,400,-104,152,64,4852,-60,5731,494,509,499,469,414,498,272,-152,208,-2877,2290,145
509,510,509,509,460,398,-28,-124,-52,4745,-1460,1718,498,509,498,463,431,498,224,112,120,-2977,1095,3201
509,510,509,509,461,379,-612,-240,44,4290,-5799,-4057,501,508,491,462,426,491,-80,116,-24,-3031,3262,769
509,510,509,509,463,387,-328,-48,248,2574,-2745,-3462,511,509,501,464,454,499,132,236,152,-3692,5308,3134
508,510,509,509,453,387,72,-168,104,5367,-5985,2912,509,509,503,467,453,499,268,-108,104,-3442,5428,4863
500,510,509,509,445,387,-68,-36,176,2955,-7068,3469,508,508,504,469,461,494,-400,-28,124,-347,7093,2759
467,510,509,509,434,385,-304,-64,20,-960,-5402,-484,511,509,504,467,457,497,324,0,-36,3839,6081,3911
431,509,509,509,430,386,-284,-40,196,1601,-4505,1700,511,509,504,466,456,497,824,436,308,3571,4992,5822
439,509,509,509,427,387,-188,-240,108,1326,-3721,3998,510,509,503,467,459,494,444,-24,104,1875,1630,4049
429,510,509,508,439,383,-112,-144,188,-1548,-3234,3278,510,508,502,463,465,485,696,-104,-148,1161,-69,2187
381,510,509,508,429,379,-356,0,120,-1599,-2281,2005,512,509,498,460,455,491,176,92,216,943,-13,-472
423,510,509,508,481,316,-124,-100,148,436,-333,5077,511,509,500,461,459,491,80,284,292,-274,-251,-1645
491,510,509,508,483,311,-52,-72,-128,-2317,1287,-627,511,508,502,462,464,487,72,212,224,1015,2152,1061
438,510,509,509,460,332,-176,-76,208,-970,-3280,-4647,512,508,503,461,462,489,196,-116,280,3201,2117,2817
470,510,509,509,439,388,-256,-168,236,-562,-2182,-731,512,508,504,461,461,489,320,-644,-256,1930,1857,2893
497,510,509,509,444,395,-108,-68,32,-787,-2428,2183,512,508,503,461,462,488,348,360,96,596,1558,2112
507,510,509,509,443,390,-268,-176,272,-984,-259,1513,512,508,505,461,461,490,192,-28,-244,306,837,680
507,510,509,509,442,389,-216,-284,92,-1166,-580,559,513,508,506,461,457,498,492,-284,-8,-471,2641,3474
505,510,509,509,438,413,-176,-216,412,-655,-1929,1597,513,508,506,462,456,501,256,232,228,1403,1788,2653
508,510,509,509,445,411,32,-40,212,-743,-1084,3263,513,508,504,463,462,500,312,236,32,1368,865,2412
506,510,509,509,444,411,-208,-208,188,-2280,1045,1910,513,508,503,461,470,500,204,180,168,1755,233,2137
500,510,509,508,444,402,-312,-288,120,-2147,1083,349,513,508,503,461,466,502,220,-68,172,2353,-1401,862
497,510,509,508,435,402,24,-164,68,-1056,1644,2427,513,508,504,466,466,503,276,44,-4,2022,-1890,1300
497,510,509,508,437,419,-252,-48,192,-1964,-388,100,513,508,504,464,466,503,168,184,100,1922,803,896
473,510,509,509,428,417,-208,-8,-84,-735,-350,1849,513,508,504,464,462,504,388,100,212,2447,-1385,1130
474,510,509,509,436,419,-168,-212,176,-1028,-374,2972,513,508,505,466,461,503,528,272,272,2519,-2962,487
463,510,509,509,437,419,-236,-144,176,-1340,372,3121,513,508,504,466,464,501,72,-156,24,2625,-2380,-940
472,509,509,509,443,414,-136,-132,80,-1972,1226,2681,513,508,504,465,464,501,268,192,312,2681,-3636,-768
493,509,509,509,436,394,-296,-184,24,-2247,1698,749,513,508,505,467,467,502,252,48,32,2972,-3828,-1097
506,509,509,509,436,401,-260,-60,108,-3222,2480,-364,513,508,504,465,465,503,144,-4,316,3360,-4497,-3547
508,509,509,509,449,402,132,-52,-4,-3930,10290,613,513,508,506,466,460,505,244,336,-88,1018,-6736,-4151
508,509,509,509,461,365,-336,192,-36,215,5252,2945,513,508,505,471,460,506,1072,-112,-320,-609,-6683,-3024
508,510,509,509,465,373,208,-140,180,1870,9531,-483,511,508,506,468,462,504,360,-84,12,-594,-5595,-2825
508,510,509,508,470,383,-264,-220,244,118,5163,-3486,504,508,505,472,459,494,308,-4,-260,402,-3945,-1817
508,510,509,508,470,394,-192,-80,188,-152,1461,-1969,509,508,503,468,458,495,116,72,76,-896,-2918,-1280
509,510,509,509,472,408,-216,-188,200,55,2111,-3580,512,508,501,464,455,502,244,8,100,-2339,-1782,1690
509,510,509,508,471,419,124,-156,4,823,2585,8,508,508,494,464,453,499,232,-28,32,-1977,-853,606
509,510,509,508,474,414,-200,-176,268,507,2420,-1097,512,508,489,463,450,499,104,-20,40,-1262,-1410,243
509,510,509,508,474,409,-396,-248,60,1496,1999,890,512,508,490,463,449,500,300,-72,192,-1345,-1555,217
509,510,509,508,474,409,-152,-168,136,274,894,-626,512,508,492,463,450,499,20,168,-224,-1176,-1955,-210
509,510,509,508,475,407,-176,-60,168,1490,1862,309,513,508,490,463,457,497,712,-476,-136,-1512,-1476,-357
509,510,509,508,474,409,-272,-236,24,2375,3572,1631,508,508,491,461,457,491,-52,412,144,-345,-2270,-1658
509,510,509,508,469,413,-112,-148,260,1885,2663,780,500,508,489,464,429,488,496,-8,36,-1025,-3530,-754
509,510,509,507,472,409,-324,-168,232,2032,3451,3080,494,508,487,460,410,478,184,612,340,-1442,-3315,1207
509,510,509,508,465,398,-228,-304,112,1728,1393,-320,490,509,485,460,398,484,380,-64,332,-2484,-3579,2714
509,510,509,509,465,397,-268,-200,224,2220,2370,1893,493,509,482,461,409,492,420,368,-152,-2108,-2684,1951
509,509,509,508,468,388,-144,-248,128,3545,2539,3357,503,508,487,461,424,496,400,228,76,-3442,273,2688
509,510,509,508,483,362,-132,-252,80,3030,1805,6042,509,509,493,461,435,499,16,720,-52,-4019,1234,4536
509,510,509,508,477,348,-376,-148,204,5052,-3,5926,512,508,496,468,467,503,212,68,308,-2615,-2095,3816
509,510,509,508,480,349,-408,-220,132,1792,-1104,-1122,512,508,496,476,477,505,984,92,268,-2083,367,3282
509,510,509,508,475,350,-144,-288,72,4566,-6544,-2597,503,508,494,474,471,502,-12,64,448,-2429,2053,1084
509,510,509,509,466,351,-148,-112,188,4820,-5451,166,510,508,494,472,470,505,416,56,-128,-4223,4874,5844
509,510,509,509,458,351,-228,12,260,5159,-11057,3483,512,508,497,475,488,505,92,200,244,-3436,2935,4872
509,510,509,509,450,352,-176,-40,196,2132,-7788,582,513,508,496,477,486,509,136,216,16,-411,6775,2840
509,510,509,509,446,351,-396,-4,136,221,-7840,2841,513,508,496,479,485,509,384,128,-136,374,7230,3139
507,510,509,509,444,347,-36,40,-12,707,-2545,3148,512,508,499,478,477,500,-616,536,248,2096,5563,-223
498,510,509,509,440,349,-492,200,344,1973,-7922,-1001,506,508,498,479,472,489,244,632,48,1860,1394,446
487,510,509,509,440,352,4,16,-36,-13,-432,2104,507,508,499,474,469,487,228,-92,-120,854,2564,2735
483,510,509,509,437,349,-100,-192,364,-1458,-3570,71,512,508,498,470,469,490,168,40,-84,944,5502,2669
437,510,509,509,440,366,-152,-248,144,-857,-2564,-5204,513,508,497,472,469,495,44,460,204,1752,2436,2346
446,509,509,509,440,407,-412,-236,196,-679,-1720,1703,513,508,498,473,472,493,280,172,164,2674,401,2253
480,510,509,509,449,410,-272,-112,56,-919,756,4625,513,508,500,472,464,495,220,124,56,1939,-214,1105
483,509,509,509,452,406,-96,-128,-4,-348,-1735,1760,512,508,498,474,463,493,300,116,-48,1697,-2570,-393
455,510,509,509,433,403,-204,-132,144,-1651,-355,-2610,513,508,503,474,464,495,240,180,212,369,2446,2471
489,510,509,509,437,424,-376,-272,264,480,-2996,1466,513,508,503,472,462,507,-144,280,-12,497,2970,5474
495,509,509,509,436,425,-212,-200,216,-260,-420,4319,512,508,501,475,469,505,224,-60,-52,1592,152,622
495,510,509,508,439,423,-92,-224,272,-292,-1361,2766,510,508,500,474,470,503,244,136,156,1792,739,2755
478,510,509,509,432,419,-188,-176,-4,-953,1989,4645,510,508,501,473,469,505,248,260,120,2194,641,3055
467,510,509,508,445,426,76,-220,76,-341,510,2660,513,508,501,474,469,505,156,336,-12,1337,2954,4236
422,510,509,508,434,423,-304,-496,148,-243,-2088,-4351,512,508,503,476,468,509,152,-12,4,1018,2525,3505
320,509,509,508,422,453,-144,-40,40,-821,231,3907,512,508,503,474,470,510,160,212,176,1462,-1031,3271
357,509,509,508,446,463,-148,-216,-28,-715,796,4995,513,508,500,475,484,506,268,596,72,2948,-347,-1319
359,509,509,507,434,459,-256,-92,132,-789,573,2702,513,508,502,475,485,509,76,72,12,1617,190,3414
332,510,509,507,430,454,-344,-316,292,-1647,533,2870,513,508,499,471,481,506,612,116,112,3366,-4513,1703
375,510,509,508,430,452,-200,-136,36,-1390,1420,4211,513,508,500,471,479,507,96,-48,76,3796,-5415,-605
489,510,509,508,441,374,-104,-184,24,-3206,4528,4171,513,508,501,472,480,507,216,-352,40,2656,-6348,-2984
497,510,509,508,425,368,-364,-116,180,-3475,4317,-2443,513,508,501,476,483,507,716,256,12,2188,-8106,-3486
506,510,509,509,433,374,116,-52,-4,-4691,9189,1762,513,508,501,476,479,507,-24,324,144,1235,-7942,-6142
498,510,509,508,448,371,-288,-20,68,-4190,13344,-3215,513,508,502,480,475,508,120,-144,-188,394,-7959,-1952
503,510,509,508,454,394,-76,-44,4,-662,10135,-835,513,508,502,479,478,507,96,220,-40,1282,-7088,-5340
507,510,509,508,465,398,-408,-240,260,-331,7029,-877,513,508,501,479,479,509,112,224,48,1240,-4592,-1495
508,510,509,505,465,405,-308,-308,-48,-2475,922,64,483,508,495,475,468,495,492,-52,-212,-414,-4235,-2592
509,510,509,504,467,395,-60,-64,132,2081,4893,1230,465,508,496,472,463,495,460,280,-96,-201,-4972,-2099
509,510,509,508,464,397,-172,-260,308,4653,3526,424,419,508,503,475,458,490,972,-756,380,-1482,-5739,610
509,510,509,508,462,399,8,-368,84,3691,372,5704,420,508,500,477,422,486,760,-276,-56,-1750,-5520,1823
508,510,509,507,457,394,-472,128,508,2191,-225,-5055,460,508,496,469,462,497,300,124,192,-2707,-2739,3982
509,510,509,507,459,386,4,-340,16,612,5245,4047,474,508,496,476,465,500,460,-80,340,-2444,-4439,5735
509,510,509,508,464,381,-472,44,360,2247,5225,4994,458,508,499,480,486,505,-256,-296,188,-1111,-2047,2297
509,510,509,508,464,378,20,-684,460,6827,1931,4995,445,508,495,480,481,504,400,-108,32,-3017,-1352,2689
509,510,509,508,458,380,-352,-112,28,4385,2154,2497,479,508,492,479,479,504,236,-392,460,-2445,-1788,3888
509,510,509,508,455,379,-696,-84,60,2890,-1531,-2777,481,508,492,479,473,504,852,-504,352,-1946,-1732,3915
509,510,509,508,459,368,-108,-144,244,2719,1229,4387,469,508,491,480,479,499,44,292,804,-2930,-1692,1857
509,510,509,507,462,350,-192,-188,284,3632,204,-628,439,508,498,478,474,495,440,-156,200,-3668,1,2683
509,510,509,507,462,348,-760,-312,232,4113,655,3232,481,508,498,477,472,500,208,104,192,-3605,2244,3656
509,510,509,507,461,346,-40,-284,16,4563,-2871,802,499,508,496,477,477,495,824,-120,108,-4348,5163,6609
509,510,509,507,455,350,-200,-8,64,7055,-8843,507,512,508,498,475,474,497,84,244,-36,-4103,7747,5032
509,510,509,508,450,355,-144,24,216,8070,-9059,2903,512,508,499,475,473,501,152,52,68,-2309,7572,4713
509,510,509,509,428,354,148,-152,256,2972,-9613,4919,512,508,498,474,473,500,-44,28,128,-1252,10108,5280
507,510,509,508,428,350,-364,-8,16,2427,-9778,828,513,508,497,473,466,503,240,144,124,2541,8235,6854
496,510,509,508,446,347,-280,-144,396,-1049,-8188,2329,513,504,494,472,466,491,440,-16,-284,3790,5830,5522
507,510,509,508,454,342,-260,40,-112,-639,10,3962,513,502,495,471,463,495,540,-380,32,1630,1486,2487
506,510,509,508,463,333,-188,148,364,2839,-4922,3703,508,496,494,470,466,481,316,544,356,1677,-4946,-2995
507,510,509,507,466,324,-224,-476,-180,-4448,-1859,-1359,512,507,497,470,459,500,348,-24,444,-1087,737,1567
477,510,509,507,454,348,-700,-236,632,-8,-13051,-6784,512,506,496,474,466,499,716,-88,404,3499,1403,5951
418,510,509,508,423,403,-160,64,496,527,-2899,2954,513,507,498,473,464,505,604,1536,20,2119,1500,7459
432,510,509,508,421,418,-40,-296,412,92,-265,5732,511,510,503,475,466,508,468,1804,336,-997,291,3026
431,509,509,508,427,420,8,-328,144,-1441,2460,4108,510,510,502,474,470,503,80,2040,1076,-3677,2334,-1190
434,510,509,508,429,415,-180,-68,260,493,-2911,2548,512,509,500,473,470,503,16,360,288,1675,2209,2142
477,510,509,508,429,404,184,-160,300,-710,438,1620,513,510,500,473,468,506,140,392,-260,2288,-1150,2889
479,510,509,509,427,410,-436,-368,140,-991,308,4159,513,511,501,471,469,507,208,120,316,1868,261,1914
478,510,509,509,429,410,-228,12,-60,-1687,1764,3682,513,510,501,473,471,507,-88,608,308,1800,1474,2590
472,510,509,509,429,408,-688,-660,584,530,-3012,-470,513,510,501,473,471,507,24,-48,8,3003,-105,3035
494,510,509,508,439,412,-244,-288,140,-2126,605,1996,513,511,500,472,473,507,712,580,-164,2723,-2271,2199
498,510,509,508,436,410,40,-4,-64,-1371,2305,5189,513,511,502,473,472,510,48,-112,68,2366,121,1791
497,510,509,508,426,391,-432,-212,432,-2380,-2458,407,513,511,503,473,472,507,276,148,140,1658,-330,1261
479,510,509,508,408,390,-356,-172,248,-1651,-290,2307,513,510,502,473,472,507,480,264,240,2412,-2991,-30
482,510,509,508,417,393,-100,-116,92,-2841,2653,4601,513,510,502,474,472,507,372,-40,-88,3289,-3315,-965
490,510,509,508,428,381,-352,-248,232,-3338,4270,1806,513,510,502,473,471,508,40,220,-24,3257,-3126,-832
499,510,509,508,434,380,12,4,60,-4044,6496,1484,513,509,502,472,470,507,648,-760,-84,3995,-8718,-3487
505,510,509,508,443,367,-492,120,292,-1348,6655,988,513,509,503,479,469,508,1144,56,-92,1090,-7473,-2804
495,510,509,509,439,373,-272,-204,140,400,8669,-429,513,509,504,478,472,507,228,80,36,588,-8197,-4127
499,510,509,508,468,392,44,172,84,264,10977,-1754,505,508,503,476,472,502,236,-228,-36,1862,-7229,-5487
507,510,509,508,460,398,-468,-292,148,-576,8499,1754,509,510,503,473,469,505,56,28,-528,1426,-8313,-3303
509,510,509,508,459,401,-188,-176,-48,332,-1352,2283,485,505,494,473,461,488,368,-104,-96,-1499,-4882,-2639
509,510,509,508,463,397,-48,-92,-24,613,2771,196,491,506,493,473,458,494,356,-36,176,-2293,-3905,475
508,510,509,508,461,397,-240,-140,300,1751,2980,-913,485,503,490,471,445,490,340,48,84,-2346,-3192,1612
509,510,509,508,468,392,-440,-104,412,3928,4349,2675,481,503,498,471,449,493,216,-280,-20,-2527,-2271,1235
508,510,509,508,453,403,-256,-260,184,3806,-1685,2770,483,502,493,472,442,490,460,-92,496,-2639,-1693,3546
509,510,509,508,450,392,-40,-96,24,-462,1478,-2592,499,505,495,471,461,497,-8,144,376,-846,-2852,2155
509,510,509,508,456,390,-24,-244,108,-103,4536,647,483,501,496,476,461,497,-116,128,-60,-707,-1981,1684
509,510,509,508,463,383,-884,-296,288,1673,2869,1948,459,497,493,478,466,488,-304,1496,-160,-1089,-1086,-452
509,510,509,509,458,380,-296,-116,532,3482,2488,2721,464,499,494,476,464,493,208,936,-100,-1381,-1582,-169
509,510,509,509,450,378,-720,-464,232,3124,3834,14,459,503,492,476,457,490,564,120,392,-2646,-4767,4715
509,510,509,509,455,385,92,-96,152,3715,2829,1918,467,503,494,475,463,492,404,-424,352,-2818,-3768,4463
509,510,509,508,443,382,152,-300,268,5472,118,-1658,468,502,491,476,446,490,544,-408,520,-2617,-782,3397
509,510,509,508,449,378,24,-256,-56,5507,742,3081,466,500,488,476,439,490,932,-1024,144,-3433,-1392,4515
509,510,509,508,458,372,-292,-64,392,4401,-2324,-1145,497,505,498,474,465,498,176,324,168,-3778,3223,2868
509,510,509,509,457,373,-140,-176,88,4428,-4580,-2172,486,504,497,477,466,496,372,272,192,-3292,4900,3981
509,510,509,509,448,373,-252,24,164,8924,-3995,8729,493,505,499,474,469,496,316,28,-120,-1683,2208,2707
509,510,509,509,441,372,-80,-164,284,6167,-7694,-452,490,504,493,473,467,492,372,260,112,-2854,3746,4218
509,510,509,509,431,379,-116,80,244,4640,-6565,2962,504,507,498,472,463,498,-40,172,84,-1892,5217,2795
509,510,509,509,426,377,-180,-148,88,1123,-5761,99,501,506,495,474,465,500,464,-8,196,-1686,4668,3355
508,510,509,509,418,374,-16,240,128,3907,-8956,7876,510,506,497,473,466,498,128,136,64,-118,6673,2603
499,510,509,508,421,369,-856,8,132,3412,-9558,-854,512,508,498,472,473,497,-632,624,32,914,6761,2413
498,510,509,509,427,370,128,-96,52,3786,-369,3929,508,501,497,471,468,479,296,208,-56,2723,4861,3380
500,510,509,509,436,357,-228,52,136,-611,-228,3900,506,501,498,470,463,477,156,52,-176,2790,4615,2856
471,510,509,509,433,362,-216,-52,324,-2221,24,-2022,504,501,498,471,455,486,404,-292,-136,47,-1058,498
479,510,509,509,444,373,-64,-184,300,-1339,109,2688,505,504,501,470,453,491,84,272,-4,-1645,2822,2146
498,510,509,509,437,371,-196,-180,236,-862,1458,2574,504,505,503,471,450,493,72,184,472,578,4360,2229
490,510,509,509,439,370,-236,-216,184,906,524,880,503,508,504,472,456,492,348,-56,260,1982,914,3576
496,510,509,509,435,370,-48,-152,148,1351,-3351,625,499,509,503,472,459,488,320,84,48,2196,847,2778
490,510,509,509,432,372,-304,-72,268,-1017,-1569,1058,498,510,505,472,455,492,308,156,108,2054,213,1780
482,510,509,509,425,371,-252,-88,-20,108,-817,1875,506,510,505,471,458,491,84,68,196,1114,2516,2963
493,509,509,509,434,375,-284,-312,316,784,-4625,-543,510,510,505,472,459,495,220,156,176,1885,1491,3440
494,510,509,509,428,397,-196,-176,240,1,-1650,3066,509,508,504,472,459,489,452,56,96,1554,-787,1539
488,510,509,509,415,403,-216,-100,56,-1119,375,3074,511,509,504,470,460,495,124,92,120,-441,3112,4287
483,510,509,509,419,401,76,-296,132,1612,-2755,3624,512,510,504,471,464,502,172,28,224,1839,246,2433
440,510,509,509,411,402,-208,-324,360,-946,-2509,378,512,510,502,471,467,504,244,-72,160,1935,-1172,4342
463,510,509,509,423,415,-8,-220,204,-301,108,4956,512,511,500,474,489,505,412,-88,12,2259,-1709,2567
429,510,509,508,426,419,-320,-272,244,-833,-650,2661,512,511,501,477,486,506,108,488,92,2115,-185,1687
394,509,509,508,422,416,-88,-312,172,-1044,736,3992,512,510,500,475,485,506,20,608,388,2476,-1007,1987
410,510,509,509,428,413,-388,-392,288,-1397,1592,4671,513,507,498,473,483,506,572,-256,8,2454,-1286,2859
380,510,509,509,417,408,-368,-120,272,-1459,1195,3457,513,504,501,472,482,504,424,144,200,2404,-1663,1446
399,510,509,509,429,398,-256,-196,332,-2484,2532,3506,512,503,501,474,478,506,384,-36,-192,3119,-3817,209
477,510,509,509,434,393,-244,-88,268,-4447,5062,2085,512,506,500,473,477,506,28,396,220,3084,-4353,-1520
507,510,509,509,435,387,-288,-312,100,-5068,5642,2518,512,507,500,474,478,505,388,-164,176,4809,-9699,-3407
508,510,509,509,448,387,-504,160,-12,-4481,10373,1267,513,509,501,473,477,509,308,396,72,4062,-9472,-4325
508,510,509,509,447,386,-44,-216,16,-3193,12046,-9463,513,509,502,473,464,508,308,360,-280,-239,-10725,-5190
507,510,509,509,470,394,-544,-100,284,907,11780,-793,508,507,503,474,467,501,-20,-60,20,1088,-11776,-4919
507,510,509,509,472,402,-252,-392,104,-286,2640,-471,506,507,500,474,466,504,496,392,-236,-580,-5618,-1518
509,510,509,509,475,405,4,-128,52,79,2495,1025,499,505,491,474,465,496,384,60,-44,-1541,-5408,936
509,510,509,509,475,400,-104,16,160,-951,8800,308,487,503,498,474,471,499,72,268,288,-1581,-3537,-1125
508,510,509,509,473,400,-312,-164,244,2237,4546,-2017,467,501,499,475,463,498,-108,400,32,-819,-4886,-1750
509,510,509,509,468,399,-184,-104,244,2285,3352,4800,480,503,494,475,460,497,276,20,188,-2339,-4517,4291
509,510,509,509,465,378,-144,112,204,2563,2019,221,483,503,495,473,470,498,660,-528,188,-1547,-4506,1656
508,510,509,509,457,378,-360,-260,244,1633,857,-326,485,503,492,473,473,502,-84,1644,88,-3260,-2602,4490
508,510,509,509,458,371,-60,-228,-208,2144,3053,2176,487,503,496,474,473,504,-628,504,472,-1166,-2244,1084
508,510,509,507,466,364,-548,-736,344,4421,3402,6505,441,499,497,476,475,504,732,-192,-436,-2260,-2145,375
509,510,509,507,470,355,-88,-128,348,1940,3622,1539,440,500,494,471,468,493,216,-460,-1012,-3289,-92,3443
509,510,509,509,466,352,-396,-300,188,3344,3448,3655,450,502,498,472,467,499,352,128,-4,-2572,-788,3612
509,510,509,507,478,328,-148,-376,72,5867,173,2098,462,503,493,472,467,495,824,-56,-28,-1733,-968,4339
509,510,509,507,473,309,-316,-200,432,3602,101,1721,485,506,494,472,471,500,348,228,-228,-1229,-1718,2878
509,510,509,508,473,323,-368,-96,380,4327,654,2417,482,504,496,474,474,502,28,-196,52,-2093,284,1350
509,510,509,507,471,321,-488,-360,-40,2629,221,-173,483,504,492,473,477,500,340,56,316,-2178,-263,1750
509,510,509,507,472,322,-352,-336,-104,3234,-1190,-79,505,504,492,470,474,495,304,100,-4,-2770,-414,2676
509,510,509,509,453,336,-256,8,-24,5854,-2667,1689,512,508,493,470,473,494,288,-164,260,-2975,1820,3837
509,510,509,508,449,339,-140,-264,-164,4165,-3492,1893,512,508,491,467,449,484,336,496,-28,-4081,4226,4317
509,509,509,508,439,342,152,-96,292,5097,-13612,-2413,513,508,495,468,462,490,388,80,172,-4838,8017,6610
509,510,509,509,437,350,-204,116,376,7090,-15493,-490,513,509,499,471,463,496,4,280,68,-1753,9573,5555
501,509,509,509,424,378,136,-144,-40,1469,-9912,1728,513,508,502,472,463,493,-412,148,-108,706,11301,4830
479,510,509,509,420,372,-164,-256,76,836,-9091,4814,512,509,504,473,462,491,-232,388,232,4673,10675,10688
463,509,509,509,425,375,-20,-204,60,3951,-6120,6624,512,506,505,474,465,480,988,-12,-184,4336,3501,5719
443,510,509,508,418,368,-500,-260,96,-1732,1196,-2223,505,502,504,472,465,474,532,372,440,2984,236,3525
501,510,509,506,462,351,36,-328,268,4638,-2290,6070,509,507,502,471,454,481,844,264,0,784,-811,-968
507,510,509,509,454,332,-100,-252,156,-1017,-3007,2003,513,508,502,472,455,491,200,52,104,1235,533,1957
500,509,509,508,459,322,-312,-244,280,963,1353,6513,513,508,499,473,476,505,372,216,128,2207,1375,3817