Ball_of_foot_PMmax,Bridge_PMmax,Heel_PMmax,Calf_PMmax,Inner_shin_PMmax,Outer_shin_PMmax,ax_Mmax,ay_Mmax,az_Mmax,gx_Mmax,gy_Mmax,gz_Mmax,Ball_of_foot_PSmax,Bridge_PSmax,Heel_PSmax,Calf_PSmax,Inner_shin_PSmax,Outer_shin_PSmax,ax_Smax,ay_Smax,az_Smax,gx_Smax,gy_Smax,gz_Smax,Ball_of_foot_PMmean,Bridge_PMmean,Heel_PMmean,Calf_PMmean,Inner_shin_PMmean,Outer_shin_PMmean,ax_Mmean,ay_Mmean,az_Mmean,gx_Mmean,gy_Mmean,gz_Mmean,Ball_of_foot_PSmean,Bridge_PSmean,Heel_PSmean,Calf_PSmean,Inner_shin_PSmean,Outer_shin_PSmean,ax_Smean,ay_Smean,az_Smean,gx_Smean,gy_Smean,gz_Smean,Ball_of_foot_PMmin,Bridge_PMmin,Heel_PMmin,Calf_PMmin,Inner_shin_PMmin,Outer_shin_PMmin,ax_Mmin,ay_Mmin,az_Mmin,gx_Mmin,gy_Mmin,gz_Mmin,Ball_of_foot_PSmin,Bridge_PSmin,Heel_PSmin,Calf_PSmin,Inner_shin_PSmin,Outer_shin_PSmin,ax_Smin,ay_Smin,az_Smin,gx_Smin,gy_Smin,gz_Smin,Ball_of_foot_PMstd,Bridge_PMstd,Heel_PMstd,Calf_PMstd,Inner_shin_PMstd,Outer_shin_PMstd,ax_Mstd,ay_Mstd,az_Mstd,gx_Mstd,gy_Mstd,gz_Mstd,Ball_of_foot_PSstd,Bridge_PSstd,Heel_PSstd,Calf_PSstd,Inner_shin_PSstd,Outer_shin_PSstd,ax_Sstd,ay_Sstd,az_Sstd,gx_Sstd,gy_Sstd,gz_Sstd
503,508,473,510,481,325,1132,428,140,15619,5049,32669,495,511,508,511,451,510,556,148,1044,10614,5009,10997,427.6428571,489.6428571,409.3571429,509.4285714,470.0714286,301.2142857,183.4285714,-62.57142857,-60.28571429,-252.8571429,-1252.714286,-300.1428571,459.5714286,510.6428571,488.5714286,500.4285714,434.7857143,508.5714286,127.4285714,-247.4285714,10.85714286,600.9285714,-1223.428571,904.7142857,406,464,182,509,463,281,-592,-1896,-1136,-18129,-17435,-32768,453,509,423,436,416,500,-388,-2040,-684,-5909,-18652,-2149,24.38561386,10.99744868,89.07429254,0.494871659,3.750510169,14.4527732,421.4528807,524.533223,301.7717748,8947.697428,5475.282503,13537.13712,10.49295196,0.610285982,27.19431213,25.89736414,8.520383722,2.583305903,239.3555975,595.7580662,339.2207156,3849.262238,5133.796544,3151.151613
476,494,362,509,470,346,292,172,116,1112,213,230,473,511,507,511,418,511,340,180,88,210,74,61,469.8,481.4,265.8,509,467.8,337.4666667,220.2666667,123.4666667,13.33333333,526.2666667,-355.1333333,31.46666667,466.8666667,510.1333333,497.8666667,511,417.6,510.0666667,235.7333333,49.86666667,-16.26666667,92.8,-321.8,-189.4,461,478,221,509,466,333,120,64,-180,36,-851,-135,462,509,469,511,417,509,184,0,-84,-23,-851,-619,5.55217675,4.469153537,43.08317537,0,1.166190379,4.096611066,39.58361053,30.21228595,70.14904767,274.6412124,333.0555242,117.1101286,3.343982988,0.718021974,10.41707999,0,0.489897949,0.442216639,33.95578825,38.44626842,34.79361372,66.26633132,288.8910291,222.442442
460,466,333,510,468,323,216,132,40,476,349,226,455,509,501,511,416,511,228,64,-24,84,88,125,458.3333333,463.7333333,322.3333333,509.2666667,467.2,322.8,212.5333333,122.1333333,32.8,241.2666667,14.26666667,105.8,455,509,500.1333333,511,415,510.9333333,223.2,62.13333333,-30.13333333,50.2,53.73333333,99,457,462,319,509,466,322,208,116,24,31,-271,-20,455,509,499,511,414,510,216,56,-36,17,-23,40,0.788810638,1.181336343,4.157990968,0.442216639,0.8326664,0.4,2.872087897,3.53773311,5.503937984,107.654055,161.5439947,74.06771676,0,0,0.618241233,0,0.632455532,0.249443826,3.636848453,2.872087897,4.096611066,19.43261863,27.92243224,21.99696949
446,508,501,510,471,322,284,320,72,2645,2701,5095,452,509,498,511,421,509,220,84,-44,91,165,216,441.5,495.4285714,441.2142857,509.1428571,468.7857143,308.0714286,218.5714286,136.2857143,29.71428571,465.2142857,-331.4285714,532.8571429,450.6428571,506.1428571,477.7142857,511,417.8571429,507.7142857,210.8571429,74.85714286,-58,37.92857143,44.78571429,74.42857143,438,484,401,509,467,286,176,88,-20,-606,-2718,-2747,448,501,441,511,416,505,200,52,-84,0,-51,-5,2.528410003,8.682612228,37.21976927,0.349927106,1.080910425,10.42979445,23.83788787,58.85506238,23.30980349,954.5545841,1208.324679,2048.320003,1.630387459,2.924212784,21.06258894,0,1.406979686,1.220571964,5.329930887,9.612916481,8.652002246,27.19365547,61.86873036,60.59079879
441,495,488,509,469,308,248,208,124,1037,686,430,447,507,495,511,418,509,220,112,-52,139,-20,20,439.8,489.4666667,461.4,509,467,304.2666667,214.1333333,128.8,16.8,373.4666667,-176.1333333,56.66666667,438.0666667,503.8,485.1333333,511,416.7333333,508.5333333,206.6666667,83.73333333,-58.4,86.6,-131.8,-81.4,437,486,432,509,466,301,200,112,-8,-73,-1276,-275,433,502,472,511,415,508,176,52,-68,44,-245,-158,0.979795897,1.995550606,12.47824774,0,0.894427191,1.730767331,11.20634741,22.4,31.63795189,280.0428221,527.0006789,193.3065499,3.940671122,1.222020185,7.22833929,0,0.928559218,0.498887652,10.79917692,12.60405578,4.8,23.10786302,69.60957789,51.7091868
440,491,480,509,468,302,216,128,24,447,131,209,428,502,492,511,406,506,208,92,-52,75,73,130,439.5333333,488.1333333,475.8666667,509,467.1333333,300.8666667,211.7333333,125.0666667,14.93333333,298.0666667,-81.4,93.06666667,425.2666667,499.5333333,489.8,511,405.6666667,505.0666667,203.4666667,84.53333333,-59.73333333,60.8,13.06666667,60.33333333,439,486,474,509,466,300,208,120,8,192,-315,11,421,496,488,511,405,504,200,76,-64,46,-22,17,0.498887652,1.54344492,1.857118437,0,0.498887652,0.618241233,1.768866555,2.719477074,5.359933665,80.58905357,133.2445371,59.08126231,2.434930982,2.156128217,1.375984496,0,0.471404521,0.573488351,1.995550606,4.349201715,2.719477074,6.784295591,30.55588687,34.7978288
453,508,482,510,469,308,232,148,48,1372,2397,1282,440,506,490,511,390,511,224,116,-56,163,498,461,448.6428571,505.1428571,454.0714286,509.0714286,467.3571429,300.2857143,211.7142857,122.8571429,8.857142857,337,-76.07142857,9.642857143,432.5714286,497.2142857,467.9285714,511,385.5714286,508.6428571,192.8571429,97.14285714,-75.71428571,86.21428571,27.28571429,41.71428571,445,496,398,509,465,290,188,88,-24,-968,-2326,-565,426,488,456,511,382,505,176,64,-120,39,-479,-356,2.408530757,3.700523956,25.36720122,0.257539377,1.585971665,5.188291371,9.73527145,14.13636214,22.63643442,621.3703749,1385.591491,458.7957229,4.894811914,7.022195133,10.92483596,0,2.795769399,1.836422876,13.02117585,12.41460628,15.59958137,35.40415345,323.8307381,268.3200191
434,502,477,509,467,304,212,132,44,350,37,164,408,482,501,511,385,506,212,88,-44,71,67,117,433.8666667,500.8666667,470.3333333,509,467,303.4666667,208,128.5333333,34.93333333,277.4666667,-71.4,103.2666667,405.4,480.7333333,497.4,511,383.9333333,504.8666667,209.3333333,82.13333333,-49.33333333,61.2,40.2,88.73333333,433,500,466,509,467,303,204,124,28,223,-233,63,404,479,492,511,383,501,204,80,-52,48,7,68,0.339934634,0.718021974,3.91010088,0,0,0.498887652,3.265986324,1.995550606,4.725345372,36.63125563,69.44331021,31.65326032,1.019803903,0.997775303,2.497999199,0,0.573488351,1.203698006,2.385139176,2.472964932,2.796823595,5.856051002,17.52407867,14.71265517
434,500,475,509,467,303,212,136,44,372,106,135,417,491,487,511,383,506,216,88,-44,69,77,107,432.0714286,497.5714286,469.0714286,509,466.8571429,302.7857143,209.1428571,127.4285714,34.57142857,272,-70.85714286,84.78571429,413.9285714,487.4285714,484.5714286,511,382.2857143,505.7857143,211.1428571,82,-49.14285714,61.78571429,46.14285714,79.92857143,431,496,465,509,466,302,204,120,28,88,-270,14,410,484,481,511,381,505,208,76,-56,52,29,63,1.222660198,1.720227797,3.954460153,0,0.349927106,0.410325903,2.356060357,3.958973274,3.886134431,73.57988856,114.5830062,40.2406663,2.462991379,2.411706145,1.878992348,0,0.589015089,0.410325903,2.231499907,2.927700219,2.799416849,4.262436785,15.65638684,14.63588684
494,510,493,510,490,270,332,532,80,10183,7760,403,439,511,485,511,442,511,348,216,88,19623,4045,2479,479.2142857,506.9285714,440,509.9285714,479.7857143,261.3571429,201.1428571,92.85714286,-65.42857143,1244.071429,461.6428571,-34.28571429,432.3571429,510.1428571,451.8571429,511,432.5714286,511,197.1428571,40,-22.85714286,2149.428571,-706.6428571,-782.5714286,457,499,92,509,478,249,-64,-68,-460,233,-958,-1819,427,510,427,511,404,511,72,-256,-172,-1458,-11388,-16410,11.23882665,2.865167303,101.0897762,0.257539377,3.004248692,6.183008316,103.9387575,136.5717274,135.7443576,2488.741778,2077.373087,550.8828536,3.734150178,0.349927106,21.56669768,0,11.28028803,0,85.59610901,111.4886285,62.14137929,5120.658436,3495.730449,4425.015863
506,509,456,510,478,294,392,168,12,605,218,217,441,511,504,511,475,511,244,236,80,604,728,2474,494.5333333,505,390.8,510,477.7333333,268.4666667,254.9333333,60.53333333,-17.33333333,191.6,-354.2666667,127.6,436.3333333,510.4666667,452.6,511,439.2,511,195.2,53.86666667,-9.6,-600.2,-7.266666667,436.2666667,486,503,232,510,477,260,200,-20,-48,-1964,-1758,52,433,510,414,511,429,511,-36,0,-60,-6151,-990,-49,6.053832579,1.591644852,61.34514379,0,0.442216639,8.987893091,50.14042503,41.97438372,16.11072796,587.5262037,538.0388421,44.27008019,2.547329757,0.498887652,21.98726904,0,12.19945354,0,68.43313038,53.16373033,38.52756589,1652.927835,402.7403575,635.9973235
505,510,488,510,485,314,416,236,148,3246,4333,2942,465,511,508,511,438,511,388,232,108,277,3172,3974,470.7142857,508,357.9285714,509.8571429,480.8571429,284.1428571,255.7142857,41.71428571,-10.85714286,-884.3571429,-29.42857143,651.7857143,445.0714286,510.9285714,473.6428571,511,425.7857143,511,241.7142857,13.14285714,26,-2147.357143,-469.6428571,567.8571429,414,498,130,509,478,262,-40,-116,-168,-4577,-3541,-535,432,510,378,511,403,511,128,-148,-32,-7804,-3909,-2056,36.82861576,3.380617019,108.7083019,0.349927106,1.921946292,15.10372302,103.5094396,105.9456927,86.59169965,1824.509508,2164.237831,860.5967347,12.99155927,0.257539377,38.03308173,0,11.21337576,0,70.55233981,93.01832165,44.76605857,2370.556101,2006.825411,1626.329208
481,510,415,510,481,363,828,548,464,2225,7797,6643,469,511,509,511,461,511,784,216,176,3163,6540,6611,438.4666667,508,201.0666667,510,477.2666667,308,284,92,77.33333333,-794.3333333,-1779.533333,878.5333333,458.0666667,510.8666667,488.1333333,511,435.4666667,510.8,268.8,4.266666667,-1.6,-386.4,-828.1333333,-110.3333333,408,502,26,510,470,287,-276,-488,-564,-5903,-7340,-373,431,510,408,511,424,509,-80,-192,-736,-5613,-7483,-5249,22.44063774,2.19089023,123.0400838,0,3.021405118,19.36663798,264.0202012,251.65479,238.2678232,2104.717326,3475.365801,1781.074053,14.04500702,0.339934634,31.95176921,0,9.06176338,0.54160256,197.0405035,113.9119348,211.2555483,2353.356293,4293.770121,3533.085972
507,510,415,510,478,347,984,392,364,11178,7595,2261,468,511,495,511,428,511,696,344,116,4898,4117,10574,461.5,508.7142857,236.7857143,509.8571429,476.2142857,314.7857143,245.7142857,68.28571429,-10.28571429,607.7857143,1360.857143,975.7857143,446.8571429,511,477.5,511,411,511,268,28.28571429,-9.428571429,99.21428571,1407.071429,2807.285714,403,505,115,509,472,268,-156,-296,-424,-5474,-2556,-2095,427,511,450,511,405,511,-352,-732,-392,-3952,-1250,-974,35.41135815,1.27775313,95.90484761,0.349927106,1.819677029,20.94952632,273.4152855,184.0898184,186.741773,4030.676178,2991.454612,1131.880999,16.28696737,0,13.40975125,0,5.656854249,0,226.5568361,236.7323469,124.3369353,2229.978257,1410.13021,2525.595274
488,510,427,510,490,335,1964,1156,1352,4534,4466,6570,468,511,482,511,434,511,420,1140,116,3235,5332,17525,451.2,509,278.2,509.9333333,483.4,297.0666667,360,167.2,120.8,-887.4,905.6666667,1360.4,451,511,446.2,511,427.5333333,511,103.2,78.4,-21.86666667,-1006,-1627.6,2684.933333,431,507,97,509,473,233,-824,-324,-968,-4874,-3883,-1104,437,511,350,511,420,511,-1068,-1276,-320,-8233,-12781,-1387,14.49689622,0.632455532,94.99908771,0.249443826,5.571355311,26.69448549,575.2365311,328.4036541,523.3251634,2387.02358,2469.009644,2046.301047,10.58300524,0,31.61687313,0,3.667272677,0,338.5276355,469.9998298,108.39795,3037.670687,4650.590053,4312.446706
501,510,426,510,489,337,1488,1028,484,5562,14099,1885,466,511,506,511,464,511,564,284,144,9783,7163,8473,473.3333333,508.8666667,292.7333333,509.8,484.3333333,285.5333333,404,193.0666667,-34.66666667,1217,1744.466667,234.3333333,440.4666667,510.4666667,476.5333333,511,432.6,511,224.2666667,9.866666667,-9.066666667,1313.066667,1152.066667,1714.6,428,505,12,509,480,230,-16,-168,-512,-3287,-4214,-2393,426,509,398,511,421,511,0,-304,-500,-3687,-5854,-6781,24.42039221,1.257864151,119.636375,0.4,3.259175083,36.64399299,373.2380831,293.8823952,228.3607283,2308.557414,5029.526696,1030.931855,14.10846869,0.618241233,32.52458899,0,11.40643093,0,169.2743204,152.1393513,152.0734326,3627.616784,4192.407112,4469.63961
507,510,497,510,484,265,428,184,228,4996,6546,2270,435,511,491,511,449,511,396,276,124,7167,6368,4726,492.6428571,509.0714286,442.8571429,510,482.4285714,241.9285714,214.5714286,63.14285714,-55.42857143,1030.142857,2693.571429,37.71428571,428.9285714,510.3571429,465.7142857,511,433.5,511,186.2857143,71.14285714,-8,1368.357143,1720.928571,1978.571429,466,509,365,510,480,200,-136,-80,-188,-1572,-946,-1678,423,509,421,511,420,511,68,-196,-284,-2194,-2156,-759,12.43616353,0.257539377,40.62345758,0,1.178030179,18.40599392,132.8423955,87.18031982,106.3241098,2160.242177,2742.547114,1201.743996,4.949232058,0.610285982,18.46397485,0,7.519023493,0,96.15124141,112.4600609,115.4469575,3234.214557,2248.823644,1702.360576
440,509,484,510,484,261,444,284,356,1190,31,787,463,511,508,511,460,511,356,292,224,5702,3708,633,410.6,508.2666667,376.7333333,509.9333333,480.5333333,243.0666667,216.2666667,39.73333333,8.266666667,-231,-1442.6,174.1333333,442.2,510.4666667,495.8666667,511,440.0666667,511,166.4,20.26666667,38.66666667,-1183.2,-1796.666667,-1456.933333,401,506,287,509,479,232,52,-232,-584,-1948,-2663,-607,432,510,486,511,429,511,-108,-192,-148,-3852,-8355,-4692,9.343803651,0.853749898,51.79892749,0.249443826,1.257864151,8.053708601,123.8361642,122.9891413,199.6768946,749.3016304,720.0013704,444.3453412,9.360911637,0.498887652,6.206090199,0,8.433794454,0,128.4475509,99.52920286,98.42131657,2419.139357,3076.109115,1875.73756
455,509,418,510,486,287,1888,1112,844,679,3881,4441,466,511,488,511,442,512,776,220,188,2017,7017,7949,419.6428571,508.2857143,320.0714286,509.8571429,482.5714286,265.1428571,286,154,64.85714286,-1860.214286,-782.7142857,1224,459.2857143,510.7857143,453.6428571,511,438.3571429,511,255.4285714,16.28571429,-7.714285714,-1118.428571,101.0714286,1250.857143,395,506,249,509,480,252,-576,-448,-672,-9920,-4880,-1973,451,510,392,511,434,510,-304,-160,-144,-4133,-2453,-1321,18.61875837,1.097306535,46.10463919,0.349927106,2.258769757,10.44616911,630.699838,406.3207741,391.8226379,2635.127272,2337.368497,1369.453593,5.188291371,0.410325903,32.47330144,0,2.124924969,0.377964473,253.9014753,118.1520984,101.0964381,1872.975277,2842.126077,2466.440751
467,509,427,510,487,334,2040,992,768,3751,5400,6115,465,511,499,511,442,511,768,276,304,2277,11228,3826,430.4666667,507.8666667,312,509.8,478.4,277.6666667,369.0666667,46.66666667,-40,-1962,-933.2666667,1364.6,457.2,510.8666667,463,511,430.2666667,511,290.9333333,29.6,28.8,-2456.666667,-923.1333333,734.7333333,391,504,142,509,464,203,-748,-1988,-956,-11102,-7657,-1894,448,510,410,511,420,511,40,-256,-188,-15009,-8443,-4633,22.23170909,1.5860503,91.04943712,0.4,5.364078051,36.88842035,673.2012544,721.1630113,482.931051,3603.513138,3556.385046,2170.119284,4.504812242,0.339934634,24.01943657,0,6.201791856,0,200.0771407,172.9172442,138.1956102,4685.328828,4930.18612,2194.914864
501,509,434,510,491,306,460,740,604,1791,3981,1607,464,511,484,511,438,511,1068,188,236,1833,3423,5504,463.4285714,508.7857143,324.7857143,509.8571429,478.9285714,237.2142857,141.1428571,137.4285714,69.42857143,-372.5714286,1155.571429,484,449.5714286,510.7857143,458.5,511,430.6428571,511,270.2857143,-10.28571429,28.28571429,-662.7142857,900.7142857,2181.428571,431,507,69,509,473,191,-948,-276,-196,-2551,-3821,-737,433,510,434,511,425,511,-120,-564,-424,-2295,-6146,281,22.22840617,0.557874977,99.20554317,0.349927106,5.612031536,28.36793605,337.0135345,229.1729585,192.8766128,1523.098051,2538.692372,877.2318475,9.715336078,0.410325903,14.91763099,0,3.772213122,0,306.4402595,178.749397,162.322179,1302.713455,2225.678016,1514.143167
467,509,421,510,491,321,808,1048,748,2553,4008,3198,467,511,493,511,444,511,1000,720,220,6910,6113,6428,446.8571429,508.7857143,258.4285714,509.7857143,480.2142857,282.4285714,107.7142857,151.1428571,-2.571428571,-756.6428571,710.5714286,1244.5,462.7142857,511,460.7857143,511,433.1428571,511,388.5714286,170,28,-1415.071429,599.7857143,2670.571429,416,507,109,509,467,226,-668,-856,-1200,-2676,-4429,-2697,450,511,393,511,425,511,-80,-92,-212,-6436,-5476,-1782,13.02117585,0.557874977,78.55272505,0.410325903,5.466502818,28.2532281,330.7012956,509.0970799,454.1456208,1560.611401,2316.641495,1679.196736,5.062870042,0,29.7805751,0,5.50139129,0,307.2043792,233.2466506,113.2784181,2921.917704,2859.431516,2616.250854
485,509,491,510,478,306,564,932,604,5808,11602,2579,452,511,506,511,443,512,1160,588,1244,7600,3740,5085,444.8,508.7333333,421.8666667,509.6666667,472.7333333,263.7333333,192.2666667,115.2,-73.6,1203.8,3778,455.6,436.4666667,510.8,479.8,511,420.4666667,511.0666667,257.8666667,-63.73333333,88.53333333,2208.4,1967.933333,2708.933333,408,507,336,509,467,231,-216,-248,-996,-2952,-1401,-1890,424,509,425,511,408,510,-168,-1200,-368,-1455,-4272,-2667,20.62425756,0.679869268,48.87380575,0.471404521,2.37954244,25.50154679,210.7230304,271.8909585,340.461804,2504.959459,3727.084383,1458.70421,9.436571882,0.54160256,26.9176522,0,8.531249746,0.442216639,291.5041147,388.7743933,360.3816249,2688.354312,1878.153862,2138.023619
499,509,460,510,479,257,652,240,48,8042,4062,6305,444,511,491,511,448,512,476,660,96,8633,2551,8004,467.6666667,504.5333333,419.7333333,509.8666667,475.8666667,226.4,308.8,75.73333333,-59.46666667,294.7333333,-1551.733333,1013,437.0666667,510.7333333,437.0666667,510.9333333,436.4,511.0666667,221.0666667,79.73333333,-55.73333333,-190.9333333,-479.2,107.4666667,441,496,362,509,472,194,116,-40,-320,-4545,-6185,-841,429,509,353,510,432,511,24,-144,-292,-6290,-2878,-2221,17.93568758,3.53773311,23.27936616,0.339934634,2.62974439,17.74936619,159.6476119,88.95801756,91.48104843,3420.424271,2652.036789,2119.420392,3.69624434,0.573488351,36.86817357,0.249443826,4.046397575,0.249443826,115.5851586,180.1182821,119.1656923,4693.749126,1432.351921,2489.527475
475,509,483,510,478,267,352,192,176,2388,1522,752,457,510,510,511,441,511,360,152,84,5944,1334,1589,451.4666667,501.1333333,417.6,510,476.0666667,252.6666667,222.9333333,85.86666667,-9.066666667,403,-150.4666667,75.46666667,428.6,503.0666667,502.8,511,434.8,511,239.7333333,41.33333333,-24.8,863,-55.46666667,-142.0666667,402,494,220,510,475,225,64,-120,-204,-1715,-1120,-263,403,492,492,511,428,511,124,-84,-212,-833,-1726,-1980,24.1960511,3.461534663,82.15984421,0,0.928559218,13.31498738,60.89933406,69.99987302,90.89148597,966.1264237,616.416944,230.3614165,17.43100686,6.627887212,4.198412398,0,3.7273762,0,57.71593271,68.42481681,77.42798805,2074.983373,806.7329064,935.8291487
507,510,509,509,468,381,-60,-8,140,375,1231,3187,513,495,506,463,468,508,356,168,304,2777,2610,3393,495.5,509.9285714,509,508.5714286,462,375.3571429,-239.1428571,-154.8571429,60,-975.3571429,-885.5714286,861.0714286,512.7142857,495,503.7142857,462.0714286,463.3571429,506.0714286,244.2857143,-32.57142857,135.7142857,1402.071429,542.6428571,1333.071429,461,509,509,508,457,370,-352,-280,-32,-1744,-2046,-1366,512,495,499,460,458,504,132,-536,-80,-104,-1235,248,11.05667219,0.257539377,0,0.494871659,3.070597894,2.843718462,82.85172396,68.05759866,52.37229366,522.445022,910.399262,1282.712553,0.451753951,0,1.868099547,1.09962888,3.175962011,1.1627729,61.06603986,170.8456757,115.7086418,749.6378616,1190.067802,940.8558766
509,510,509,509,490,445,152,428,452,8325,16300,13884,513,510,509,469,473,509,1020,716,400,9590,1533,3234,479.3333333,509.8666667,509,507.8666667,452.6,357.3333333,-252.8,-106.4,88,-995.2,3066.266667,1130.933333,507.2,505.9333333,501.2666667,463.2,463.0666667,505.7333333,215.4666667,90.4,95.73333333,2095.4,-4298.333333,-946.9333333,402,509,509,505,414,274,-776,-388,-192,-9501,-6325,-8892,469,499,496,456,454,495,-396,-348,-180,-3589,-14819,-8143,38.730981,0.339934634,0,1.30979218,27.32471409,41.70797952,219.5957498,176.6581633,160.1998752,3902.434167,5688.138647,5589.912241,11.36192472,2.999259168,3.086889841,4.721581656,5.801915393,3.234535859,315.3896778,228.6041119,165.8945314,2988.679347,4452.954804,3292.203122
509,510,509,509,461,457,-112,-56,280,3499,9636,4596,513,511,506,470,465,508,564,456,376,3199,-1130,1764,496.8666667,510,509,508.5333333,447.4666667,423.0666667,-237.3333333,-182.6666667,128.8,-535,3242.133333,554.1333333,503.6,509.6666667,501.4666667,462.6666667,457.6,498.0666667,257.0666667,53.86666667,108.2666667,408,-3714.133333,-981.8666667,458,510,509,508,426,410,-420,-352,-4,-2575,-633,-3693,483,509,490,459,451,486,-16,-272,-204,-2080,-6821,-4781,16.01610301,0,0,0.498887652,11.40097462,15.6096836,92.75247825,82.49013409,80.83827476,1793.013664,2528.49296,2514.927033,10.90443335,0.699205899,4.287449384,3.00370142,3.860915263,8.338398461,181.6103766,185.2817194,134.7746102,1912.985346,1984.522003,1938.365527
508,510,509,509,470,419,208,192,244,1870,10290,3121,513,508,506,472,467,506,1072,336,316,3360,803,1300,493.9285714,509.6428571,509,508.6428571,446.2142857,400.2857143,-164,-110,102.2857143,-1256.428571,2792,821.7142857,511.9285714,508,504.4285714,466.3571429,462.8571429,501.8571429,315.4285714,58.57142857,61.14285714,1587.285714,-3360.928571,-1055.285714,463,509,509,508,428,365,-336,-288,-84,-3930,-388,-3486,504,508,503,461,458,494,72,-156,-320,-896,-6736,-4151,15.73197057,0.479157424,0,0.479157424,13.80051019,16.67945088,161.6698576,112.547133,94.73830766,1444.650265,3369.278939,1922.681402,2.462991379,0,0.903507903,2.715225401,2.849991049,3.291919606,238.6095778,140.8107719,186.8256854,1396.549699,2033.804579,1767.020714
506,510,509,509,448,463,116,-20,292,-243,13344,4995,513,508,503,480,485,510,716,596,176,3796,2954,4236,435,509.7142857,509,508.0714286,435.3571429,420.2857143,-175.1428571,-177.7142857,103.4285714,-1643.785714,2397.214286,2071.357143,512.3571429,508,501.0714286,474.4285714,475.7857143,506.7142857,233.1428571,120.8571429,48,1971.071429,-2461.428571,433.7857143,320,509,509,507,422,368,-364,-496,-28,-4691,-2088,-4351,510,508,499,471,468,503,-24,-352,-188,394,-8106,-6142,68.29871365,0.451753951,0,0.593330276,7.441266625,33.86407403,137.2478765,119.194576,100.908526,1506.559476,4097.96903,2977.430762,1.04246568,0,1.09962888,2.258769757,6.189606166,1.829464068,192.525641,229.0511038,93.2707273,914.0213708,3915.128783,3103.638721
507,510,509,509,468,412,184,172,584,530,10977,5189,513,511,504,479,473,510,1144,608,316,3995,1474,3035,490.0666667,510,509,508.2666667,434.1333333,394.6,-252.5333333,-161.0666667,184.5333333,-1457.933333,3191.933333,1822.666667,512.2,509.9333333,501.9333333,473.7333333,470.8666667,506.8,301.6,87.2,-10.66666667,2241.666667,-3424.133333,-357.0666667,472,510,509,508,408,367,-688,-660,-64,-4044,-3012,-1754,505,508,500,471,468,502,-88,-760,-528,588,-8718,-5487,10.87177794,0,0,0.442216639,14.50455867,14.05607816,236.3945478,201.818224,166.3337475,1302.952057,4091.343112,1901.086415,2.166410241,0.853749898,1.123486636,2.143724692,1.454494949,1.641137817,316.4395256,322.1203088,212.0712668,879.6092819,3493.771808,2773.025267
508,510,509,509,448,419,76,160,360,1612,10373,4956,513,511,505,477,489,509,572,608,388,4809,3112,4342,456.4666667,509.8666667,509,508.8666667,426.2666667,399,-236.2666667,-203.2,196.8,-1404.933333,973.9333333,2705.8,511.4,508.3333333,501.7333333,472.8,473.4666667,501.9333333,262.6666667,121.0666667,129.8666667,2311.2,-1852.333333,1367.133333,380,509,509,508,411,371,-504,-392,-20,-5068,-4625,-543,506,503,498,470,458,489,20,-256,-192,-441,-9699,-4325,42.42933995,0.339934634,0,0.339934634,8.984925647,14,141.2210875,135.695345,117.4502448,1887.311014,3660.443169,1461.714664,1.781385229,2.385139176,2.080598205,1.758787461,10.74471446,6.016274225,165.6835002,240.8760308,125.5504502,1176.968943,3601.1116,2508.814962
507,510,509,509,472,451,4,-12,488,986,9143,7646,513,511,503,478,476,509,800,704,368,4914,1887,4698,448.4,509.9333333,509,507.8,428.2,408.3333333,-229.0666667,-217.6,133.6,-1426.066667,1275.266667,3163.2,512.8666667,509.9333333,500.6,475.8666667,470.9333333,507.0666667,314.1333333,137.8666667,57.6,2373.066667,-945.0666667,1612.466667,392,509,509,506,404,294,-544,-504,-236,-4696,-2650,-4567,512,507,498,474,467,504,-96,-312,-292,765,-8353,-3844,39.15745991,0.249443826,0,0.8326664,18.55873559,50.56437042,164.7913698,134.1903126,166.4743424,1583.312202,3194.334974,2946.202306,0.339934634,1.236482466,1.254325848,1.257864151,2.694851058,1.388844444,239.2203633,294.2719528,202.2740056,1045.479441,2731.096714,2156.923731
509,510,509,510,464,421,324,112,224,2261,1164,913,504,503,505,474,464,505,292,36,108,508,215,354,509,509.2666667,509,509.2,443.4666667,409.6,225.0666667,44,27.2,890.5333333,-42.66666667,109.8666667,462.5333333,503,498.1333333,470.0666667,457,502.5333333,237.8666667,14.93333333,78.13333333,133.2666667,-209.6666667,35.93333333,509,509,509,509,425,387,188,-184,-108,76,-1777,-995,444,503,493,468,450,499,228,-80,24,-50,-1633,-710,0,0.442216639,0,0.4,11.78624434,10.6758294,37.84788266,73.08807472,80.04265529,649.7301867,720.1098682,386.5532937,18.80378213,0,3.323986897,1.289271974,3.614784456,1.857118437,16.32122,37.50816207,17.0874873,163.09362,438.9272782,232.4081085
509,510,509,509,468,414,392,120,92,2634,2625,956,510,503,507,474,460,507,276,164,288,2390,2804,1358,509,509.0714286,509,509,459.8571429,400.4285714,222.5714286,49.71428571,-6.571428571,1081.357143,288.2142857,-223.1428571,460.0714286,503,502.0714286,472.9285714,457.5,505.8571429,206.2857143,-8,55.71428571,861.3571429,341.0714286,181.0714286,509,509,509,509,447,390,60,-112,-56,35,-1804,-2188,392,503,493,472,453,504,88,-648,-156,35,-1047,-556,0,0.257539377,0,0,6.780825306,7.118530002,89.29702785,55.62557039,36.42941176,833.7278253,1124.66485,947.0837086,46.20986952,0,4.008282242,0.593330276,2.163000561,0.832993128,50.7478762,188.1519143,91.21985104,902.7405581,976.1671011,507.5321896
509,510,509,510,478,394,320,160,128,2514,2162,1031,510,503,506,476,466,507,360,344,240,2809,3974,2652,509,509.4666667,509,509.2,466,385.3333333,226.9333333,51.73333333,-25.33333333,786.6,144.1333333,-155.2,459.6666667,503,504.4,474.1333333,460.6666667,505.2666667,229.3333333,52.8,64.26666667,646.9333333,669.7333333,394.2666667,509,509,509,509,457,375,120,-44,-120,-197,-1451,-2974,390,503,499,473,449,503,132,-92,-116,-241,-2186,-742,0,0.498887652,0,0.4,7.357535819,5.324993479,56.27488092,56.31277731,59.89620652,893.5572207,1154.970699,1158.919738,47.0951755,0,1.624807681,1.024152766,5.387227694,1.651934892,57.84884518,90.14595572,84.20250722,999.102495,1779.077981,856.6612296
509,509,509,510,477,408,276,176,84,3631,1259,1843,510,504,507,477,463,509,708,552,212,3463,1001,1386,509,509,509,509.0666667,468.8666667,390,222.9333333,81.06666667,-4.266666667,683.7333333,463.7333333,-157.6,467.9333333,503.1333333,496.1333333,472.4,457.6666667,506.3333333,234.6666667,88.26666667,60.8,781,146.0666667,172.1333333,509,509,509,509,456,375,180,8,-64,-224,-1029,-1002,427,503,452,469,451,504,76,-96,-320,-344,-798,-342,0,0,0,0.249443826,7.15417516,12.16552506,24.24174545,44.02342811,48.45268024,919.9458293,576.8101324,751.2850147,32.49916238,0.339934634,19.25916809,2.154065923,4.346134937,1.349897115,139.9707906,142.7610902,120.8520859,1168.56071,492.6089005,436.3794781
509,510,509,509,486,460,460,1240,192,3946,2770,2558,510,504,508,491,470,507,444,924,304,4031,3214,5599,509,509.3333333,509,509,479,404.1333333,230.9333333,132,-38.93333333,-21.8,-445.2666667,308,481.2,504,502.6666667,474.7333333,447.8,500.6666667,167.4666667,190.6666667,72.26666667,348.7333333,-1177.066667,5.466666667,509,509,509,509,467,363,-4,-236,-252,-3557,-2851,-1848,443,504,490,465,397,489,-44,-224,-196,-7809,-9356,-3833,0,0.471404521,0,0,5.477225575,31.66252605,116.6050123,323.0223934,129.881724,1776.047905,1403.584434,1027.928272,18.2032964,0,5.146735751,7.252279335,19.05150913,4.921607687,124.132116,309.1930716,117.6885532,3093.635541,3173.094567,2385.246315
509,510,509,509,478,384,320,240,192,5947,847,2357,510,504,504,489,469,505,724,364,1064,2475,5674,4933,509,509.4285714,509,509,464.7142857,370.3571429,185.1428571,29.14285714,27.42857143,-579.7857143,-1112.142857,379.7142857,483.5,504,490.5714286,477.2857143,457,498.0714286,263.7142857,108,166.8571429,-1276.214286,-127.0714286,595.4285714,509,509,509,509,454,362,-112,-328,-80,-2491,-8063,-816,446,504,478,468,436,488,-248,-116,-124,-5613,-8223,-2046,0,0.494871659,0,0,7.004371813,5.459031087,107.4422484,138.5346048,87.47711071,1980.318632,2108.725406,799.2661302,22.79019213,0,9.788581436,6.572981183,9.797958971,5.824385752,227.6411426,163.6581804,300.2986269,2465.841965,3884.450696,2151.742042
509,510,509,509,482,405,1000,392,168,6511,6436,2425,510,504,504,485,465,507,324,516,452,7088,7282,4752,509,509.3333333,509,509,457.2,364.4,256.2666667,99.2,8,719.7333333,2221.6,-1173,494.9333333,504,490.8666667,478.8666667,458,504.0666667,174.9333333,114.4,43.73333333,1251.666667,2004.933333,1736.133333,509,509,509,509,414,331,76,-128,-284,-2325,-180,-5223,463,504,453,475,451,500,-268,-152,-492,-2913,-4115,-1567,0,0.471404521,0,0,17.0458206,20.80961316,217.4296719,123.7477003,122.5332608,2286.984083,1895.878118,2045.940599,17.24902574,0,14.76422102,2.552558629,4.604345773,1.691810339,133.606121,180.516592,205.6973397,2588.761909,3201.889348,1770.395017
509,510,509,509,472,487,408,668,148,9439,3570,4398,510,504,502,483,464,508,1528,1732,1400,3268,2211,4091,509,509.2666667,509,509,449.4666667,461.4,245.8666667,137.8666667,-34.93333333,3127.066667,901.5333333,2201.266667,510,504,475.9333333,475.7333333,455.6,505.4,323.7333333,194.4,236.5333333,1696.866667,-172.5333333,1363.466667,509,509,509,509,432,393,-20,-208,-320,-1626,-2364,-434,510,504,458,472,449,501,88,-264,-104,-118,-3309,-1640,0,0.442216639,0,0,11.54623556,35.0215172,116.1595837,210.0405887,125.7847191,2766.407718,1532.418779,1562.034249,0,0,13.5865947,2.976948475,4.601449047,1.781385229,341.9768933,440.617264,349.1181016,906.6328082,1499.060856,1549.348718
509,510,509,509,471,398,416,196,168,5101,5226,1247,509,505,508,481,463,505,680,640,392,6303,8572,4772,509,509.0666667,509,509,456.5333333,390.7333333,241.8666667,87.46666667,-24.53333333,-382.5333333,2062.8,-1016.4,497.2,504.8666667,488.6666667,468.6666667,435.2,495.1333333,272.8,10.4,164,-1693.466667,1579.2,1986,509,509,509,509,439,384,24,-180,-540,-3504,-1,-5066,479,504,455,466,414,493,-60,-676,-168,-5039,-2358,-731,0,0.249443826,0,0,9.149620514,3.837823457,92.72027226,102.6462317,150.4401838,2953.551644,1536.528,1522.038975,9.071567303,0.339934634,12.16917782,3.753516869,14.20891739,2.82528268,207.8419913,297.7204058,145.7523013,2421.776204,3144.500982,1467.198192
509,510,509,509,481,401,672,424,828,16593,4454,11979,510,505,507,489,478,508,600,728,452,3555,527,9141,509,509.1333333,509,509,446.6666667,353.6666667,147.7333333,-144,-1.866666667,-2042.6,-3730.866667,2572,493.8666667,505,493.4,473.5333333,454.4666667,500.8,162.4,108.2666667,66.93333333,534.0666667,-4350.666667,-666.9333333,509,509,509,509,415,326,-448,-1964,-716,-22195,-14984,-4531,431,505,463,465,424,488,-548,-716,-348,-4961,-8605,-5981,0,0.339934634,0,0,21.31561764,24.23404401,286.5015338,525.5904616,304.7389849,9639.86017,5773.238905,3792.630732,23.46590908,0,12.27354879,7.163487667,13.19528535,6.326663154,293.78196,334.5347947,188.809416,2328.40267,2961.453532,3411.633811
509,510,509,509,473,476,288,480,676,3429,2200,8935,511,505,507,488,467,508,484,432,416,3910,-261,5278,509,509.0666667,509,509,452.0666667,424.9333333,196.5333333,75.73333333,42.4,475.0666667,-1340.733333,2801.266667,494.6666667,505,500.2,476.9333333,444.0666667,494.7333333,280.8,34.93333333,92.53333333,691.7333333,-3609.533333,-233.3333333,509,509,509,509,423,388,-4,-696,-280,-7397,-9838,-500,454,505,489,470,399,479,60,-344,-388,-2631,-6981,-3715,0,0.249443826,0,0,12.97416236,33.81807538,72.47056107,249.5370291,216.4725695,2973.991492,3517.234813,2442.303379,18.37994076,0,4.763752023,4.234251869,24.85549347,10.39529808,136.3696936,223.6543365,196.1815033,2204.874614,2184.5755,2312.008266
509,510,509,509,477,446,496,384,324,5841,2735,6845,510,506,508,487,462,510,540,420,360,6104,1812,1582,509,509.0666667,509,509,445.0666667,420.8,219.2,125.0666667,22.66666667,1023.133333,-1480.866667,2498.666667,508.8,505.8666667,505.9333333,485.2666667,453.8,504.4,328.5333333,54.66666667,72.8,1927.466667,-2151.066667,-624.4666667,509,509,509,509,427,358,4,-256,-228,-5949,-7104,-1390,502,505,503,481,447,492,80,-248,-132,-822,-4905,-2949,0,0.249443826,0,0,15.50254459,23.21264023,144.1569515,156.409491,126.6905241,3385.071479,2924.95741,2194.122138,2.712931993,0.339934634,1.526069752,1.526069752,3.936157178,5.148462554,146.7723256,173.679654,120.9755898,2005.279594,2102.207743,1620.750109
509,509,509,509,448,433,596,284,452,6376,3898,10638,510,506,508,484,469,505,828,404,284,4455,3215,5557,509,509,509,509,431.3571429,411.8571429,257.7142857,143.1428571,12.28571429,1517.642857,705,1987.214286,509.1428571,506,506.5,481.1428571,459,503.7142857,303.7142857,73.14285714,138,2051,-692.7142857,1482.571429,509,509,509,509,415,400,100,-52,-232,-5333,-7290,-4318,507,506,504,480,450,502,168,-252,-108,531,-6711,-4338,0,0,0,0,10.47177937,11.87348272,121.266783,95.64432411,176.0030148,2884.420135,2716.343551,3339.099091,0.989743319,0,1.349603116,1.301490511,7.111359123,0.795394909,169.9308383,179.0286717,113.9699208,942.746671,3010.67051,2839.51235
509,510,509,509,451,413,420,460,240,4060,3446,6139,510,506,507,482,468,508,980,852,440,4293,3089,4978,509,509.0714286,509,509,431.7857143,366.7857143,262.2857143,97.14285714,-36.28571429,2509.928571,413.6428571,2775.071429,509.7857143,506,503,480.4285714,462.2857143,505.2857143,135.1428571,214.5714286,126.2857143,2407.642857,-802.7857143,1062.714286,509,509,509,509,399,339,108,-112,-256,-1308,-4813,-181,509,506,498,479,458,503,-600,-452,-216,-376,-8502,-1550,0,0.257539377,0,0,14.50211104,26.84659747,89.83431461,152.8504671,132.9443646,1278.939542,2219.079591,1744.86301,0.410325903,0,2.104417123,0.728431359,2.839229559,1.484614978,381.6151497,364.2686831,195.0045525,1355.541621,2948.968274,1944.759237
509,510,509,509,457,407,512,1388,128,8009,407,7558,510,507,508,471,462,508,660,416,268,3617,-994,2640,509,509.1333333,509,509,442.6666667,397.1333333,257.3333333,184.8,-32.53333333,1020.266667,-2583.533333,3608.333333,501.0666667,506.9333333,497.6,466.8,454.3333333,501.2,266.9333333,76.8,67.73333333,82.93333333,-4463,-872.4666667,509,509,509,509,413,385,-160,-432,-264,-4815,-10234,-215,479,506,480,463,445,494,-28,-220,-200,-2475,-9176,-4888,0,0.339934634,0,0,13.32499739,5.289822513,176.7116924,402.3589111,113.64381,3109.727522,2837.510432,2406.287671,10.26623376,0.249443826,11.07429456,2.4,5.699902533,4.901700385,163.3023644,194.5343843,135.0434333,2104.099189,2352.28343,2031.610326
509,510,509,509,459,437,1372,960,232,4197,3442,8933,510,507,506,476,463,507,532,384,360,3767,-307,2518,509,509.0714286,509,509,446,381.9285714,434.8571429,138.2857143,-116.8571429,1147.571429,-1937.142857,4748.571429,506.2142857,507,503.5,472,456.9285714,502.7142857,260,-14,65.71428571,1252.214286,-4767.5,-1265.214286,509,509,509,509,433,327,108,-276,-1036,-4202,-7044,1527,471,507,490,468,448,492,36,-548,-256,-1966,-10811,-5463,0,0.257539377,0,0,7.615773106,26.93766425,393.3022933,354.2774193,308.1601757,2564.497047,3005.353458,2542.50101,9.965501718,0,4.625241306,1.889822365,4.350111422,3.554244373,159.1046376,264.6042868,171.2923268,1628.371368,3150.11743,2053.358683
509,510,509,509,430,283,420,288,68,1547,955,948,510,507,505,485,464,508,428,216,192,3022,4665,3324,509,509.1428571,509,509,419.9285714,275.4285714,213.7142857,38.28571429,-43.14285714,-254.7857143,-284.0714286,-85.35714286,509,507,503.9285714,483.4285714,460,505.4285714,245.7142857,54.28571429,8.285714286,-718.5,633.5714286,181.2857143,509,509,509,509,412,272,-96,-384,-152,-1528,-1457,-1070,502,507,502,482,457,502,136,-60,-92,-4976,-3574,-1798,0,0.349927106,0,0,5.035081014,3.155817433,117.387897,162.4506204,68.42186069,1011.135725,836.913843,486.9676738,2.32992949,0,1.279748062,0.903507903,1.8516402,1.720227797,78.62699334,70.40640045,69.20717198,2760.475962,2723.545214,1490.759942
508,494,506,508,194,383,508,336,108,4025,-111,2573,491,505,505,403,412,134,716,492,144,4024,1897,5574,492.9333333,477.8,493.8666667,507.0666667,181.4666667,366.5333333,232.8,118.9333333,-36.8,612.4,-3384.533333,627.6,385.2666667,497.3333333,505,388.7333333,395.6666667,126.1333333,270.4,107.4666667,-28,55.6,-2862.6,2546.933333,479,466,467,506,156,350,-100,-52,-168,-1558,-7247,-2084,286,487,505,371,374,112,-32,-112,-240,-2654,-7883,-112,7.496369492,9.005183692,14.20266016,0.442216639,11.0867288,9.98576765,153.3915252,118.2401323,78.65807863,2012.548958,2042.006982,1196.711873,75.5164147,6.538773245,0,10.87177794,13.19932658,5.572152985,185.1258311,168.7846228,113.9918126,2022.068538,2487.881798,1276.156128
509,501,506,508,260,473,1600,984,288,19327,3733,5464,487,507,505,447,458,281,2020,1084,688,10423,11062,7872,476.3333333,486.6666667,405.4666667,507.7333333,198.2,387.2,393.8666667,31.46666667,34.66666667,1083.4,-3323.8,1714.533333,455.6,499.5333333,505,413.4,428.6,203.6,456.5333333,166.9333333,-7.2,3306.466667,-3270.266667,3859.266667,428,459,217,507,102,220,-132,-1680,-224,-8361,-15999,-2758,352,483,505,392,394,153,20,-508,-604,41,-12798,-14,27.14569743,12.98546196,89.97545344,0.442216639,41.66725333,75.1719806,430.0495889,548.7690305,125.9982363,5844.633422,5663.360089,2262.771453,34.34103473,7.597075461,0,15.02797392,16.98155862,44.42791915,551.9900804,357.0261366,286.321777,2883.846918,5973.771343,2158.816727
509,499,509,509,220,451,2040,636,776,25003,4050,9594,496,508,505,423,437,211,1420,780,332,11630,7861,8749,459.6,484.6,434.6666667,508.0666667,194.4666667,418.8,651.4666667,3.733333333,25.33333333,338.2666667,-4904.2,834.1333333,448.4,499.8666667,505,402.6666667,412,177.4666667,528.8,117.6,-33.6,282.2666667,-3177.866667,4233.4,372,473,330,507,156,401,-588,-1024,-392,-32492,-21745,-14581,352,493,505,371,385,165,-208,-640,-348,-6060,-17123,95,49.38258802,8.754427451,58.56354573,0.442216639,17.02103274,13.6,736.147618,517.3068034,285.6073451,11219.34865,7859.50343,5633.40902,44.21432649,6.075817275,0,13.20942425,15.78606981,12.0823103,430.3628237,403.5067616,198.7255394,4617.026539,7291.580513,2288.360164
509,506,508,508,235,489,2040,760,1504,21632,15520,8487,509,508,505,439,435,232,1864,1068,144,7097,13118,7587,483,495.6666667,446.6666667,507.5333333,197,428.2666667,329.3333333,20.53333333,68.53333333,2838.866667,-119.0666667,1529.8,475.8,497.9333333,505,403.6666667,425.5333333,198.2666667,56,41.06666667,-222.6666667,-2133.533333,641.5333333,1929.466667,434,465,340,506,147,308,-336,-2040,-496,-7052,-14099,-9252,428,483,505,380,396,178,-1224,-992,-1236,-8649,-13487,-5154,25.76043478,12.71569459,53.70371392,0.618241233,19.97331553,38.62031705,678.6145363,623.3669724,421.4890851,8591.203663,9639.125517,4691.285271,26.89783139,8.690735808,0,15.69996461,9.279846742,15.59686578,644.8863466,462.8548321,355.793698,5012.606878,9540.826211,4225.890689
504,502,508,508,197,437,1804,1272,156,4940,17149,6582,506,508,505,406,447,174,1444,1544,392,7800,20724,7718,495.2142857,480.9285714,432,507.1428571,187.5,410.2142857,543.7142857,315.7142857,-64.85714286,-4019.857143,2118.142857,2914,378.5,499.0714286,505,392.0714286,402.6428571,129.5714286,396,231.1428571,34,-2596.785714,2967.857143,937.2857143,476,460,352,507,178,373,-112,-148,-468,-28875,-5353,-2574,297,488,505,384,333,0,-404,-672,-404,-9099,-11369,-7816,7.252374699,11.4795737,50.61196922,0.349927106,5.691472318,15.94713844,634.2986485,396.4080561,186.1131979,8574.509672,6529.668432,2506.940537,68.32250205,6.064702156,0,6.385969953,29.42692436,44.15187148,498.9634971,549.6121824,235.4266643,4356.3752,9598.278051,4397.681978
503,505,509,508,203,436,2040,2040,356,22427,18525,10447,476,504,513,425,446,166,2040,1252,1024,15466,5581,16109,451.6,492.5333333,412.3333333,507.4666667,167.3333333,404.6,300.8,362.1333333,-137.6,-2384.066667,-1534.066667,2512.533333,445.1333333,493.8666667,511.6666667,402.4666667,427.7333333,85.13333333,23.73333333,3.2,27.73333333,-186.3333333,-4141.866667,5441.066667,385,473,168,507,132,372,-532,-380,-1544,-31042,-14276,-1331,351,475,505,389,398,0,-1440,-2040,-656,-12989,-17693,-9478,38.94919768,9.783432708,122.8688551,0.498887652,22.26107714,16.06569845,533.0049656,572.882055,438.4768789,13994.92797,7996.757588,3136.332569,33.42228132,9.443633952,2.796823595,9.083807327,11.99703667,34.3489285,799.2055611,810.1610704,411.6917077,7901.476762,6439.31254,6951.049067
492,501,510,508,197,434,1164,404,148,5333,12963,7080,493,503,513,434,443,166,1028,1512,452,8599,16315,5207,442.4,488.2,477.0666667,507.5333333,176.6,409.2666667,311.4666667,1.066666667,-26.4,-1553.933333,4486.533333,2301.333333,455.2,494.1333333,513,417.4,419.2,119.1333333,310.6666667,161.8666667,-100,-1433.733333,5479.266667,-401.0666667,401,477,443,506,151,375,-128,-1364,-260,-22218,-519,-1756,330,485,513,401,372,80,-296,-348,-700,-8464,-5737,-8756,33.39421108,8.439589248,25.04786529,0.718021974,12.57404735,14.61262772,336.7606206,410.5968772,112.8897988,8214.057702,4771.119266,2347.666634,40.27273685,4.558752266,0,9.393614853,18.61970283,20.82263725,358.4162695,436.7220118,231.7469885,4435.90734,5191.530403,3596.639718
505,500,507,508,192,406,1720,1968,492,9702,14259,8433,498,508,513,420,435,152,1960,1252,1348,10944,12200,10638,485.4666667,481.8666667,449.0666667,507.3333333,171.6666667,383.6666667,348.8,286.6666667,18.13333333,-405.3333333,-1287,1165.333333,423.4666667,499.4,512.9333333,400,413.9333333,104.8,503.7333333,320.2666667,-48.26666667,-82.86666667,-440.2,2863.466667,414,465,340,507,130,356,-156,-164,-912,-6604,-23999,-6808,313,487,512,380,369,44,-356,-260,-1540,-7712,-17014,-5339,25.9277629,12.55317578,53.63887479,0.471404521,15.06283137,14.42528644,447.3762324,547.7160659,282.0680454,4711.703339,9741.174953,3435.887186,73.21281005,5.919459435,0.249443826,10.7579428,15.90583401,26.05941928,692.3235724,381.9541799,532.3827529,5651.559524,8740.279486,4417.566885
508,504,508,508,178,401,940,600,288,16240,11221,3892,490,508,513,423,426,144,636,1248,408,9412,11540,9034,477.8571429,484.6428571,462.2142857,507.3571429,162.7142857,375.8571429,386.2857143,131.4285714,-123.4285714,2875.714286,-3087.285714,342,422.3571429,500.2142857,513,406.1428571,411.1428571,102.3571429,300,316.5714286,-123.4285714,1567,-1545.142857,3350.5,437,461,336,507,135,365,-36,-948,-400,-4255,-15070,-6570,289,488,513,390,392,80,-80,-88,-968,-3649,-14766,-3361,25.72896406,16.66736393,44.44768767,0.479157424,11.17029589,9.43289944,294.8848271,377.0952351,158.8088313,4900.826278,7175.312471,2757.960038,61.18660818,7.70137809,0,10.39132291,10.27380263,18.16828926,217.3975949,362.6973777,307.631903,3497.574956,7189.425666,3097.344687
636,490,510,508,183,397,716,584,172,547,2058,3733,440,508,513,420,419,113,1044,436,380,2956,6076,9744,489.7333333,480.1333333,492.1333333,505.4666667,176.2,382.2,334.1333333,174.6666667,-13.6,-1093.733333,-761.5333333,1220.066667,363.9333333,488.1333333,511.4666667,404.3333333,400.3333333,94.13333333,416.5333333,159.7333333,-16.26666667,-372.1333333,-1340.866667,2664,285,457,463,477,166,371,56,-488,-324,-6764,-5950,-500,326,459,491,388,341,47,-76,-196,-672,-2998,-10612,-2135,65.66121805,9.279846742,15.40504968,7.623355925,4.198412398,7.626270386,167.7831405,243.4755749,127.4973464,1671.40366,1911.35114,1031.738369,31.18432655,15.75168421,5.475602453,8.59198593,20.23747898,17.10698363,307.5958098,166.0038018,251.9151886,2208.082513,4274.373621,2930.142613
495,494,492,508,159,378,536,204,96,3614,1548,1927,454,492,513,417,408,82,300,340,160,2819,2319,2198,456.0666667,482.4666667,450.2,507.5333333,145.9333333,373.4,266.6666667,98.13333333,-41.33333333,1311,-530,27.8,440.2,480.6666667,513,409.2,400.2666667,75.06666667,181.8666667,117.0666667,-51.73333333,1299.2,-4.866666667,955.8,436,475,396,507,130,369,68,-248,-296,-1088,-5020,-2224,402,467,513,398,385,70,-44,-32,-356,377,-3529,-653,18.95773076,5.389702115,27.11260469,0.498887652,7.903304513,2.678307924,124.4222202,113.1546827,86.99629622,1200.939799,1967.958468,1031.870806,13.38257574,7.896553397,0,6.594947561,6.191032942,3.193048004,99.8224201,82.91318083,122.3718196,852.7719664,1996.62034,958.2649738
506,502,504,508,161,372,484,280,176,4087,5962,1014,478,506,513,421,432,133,440,208,152,3814,7282,5054,475.4666667,488.0666667,468.8666667,507.3333333,151.6666667,368.2666667,215.4666667,131.2,0.8,1553.266667,-1430.6,48.8,417.4666667,492.8,513,404,416.6666667,100.2,227.4666667,57.86666667,-52.53333333,1127.733333,-1022.2,1622.266667,445,464,420,506,142,364,-88,-56,-152,-650,-7001,-1494,274,482,513,398,387,78,-160,-292,-424,-2036,-10130,-1825,19.30756904,14.20547625,26.34860317,0.788810638,6.45669334,2.174600857,141.1107682,100.135375,88.30492625,1572.607621,4172.630438,698.1827077,69.07953548,8.255906976,0,6.335087476,11.93128474,16.76981415,140.3528252,119.5535398,123.460043,1668.031433,4979.342088,1876.49018
506,506,508,508,159,377,680,352,208,4714,6661,2286,469,508,513,410,426,114,564,384,196,5449,6522,5370,480.4,484.3333333,474,506.1333333,147.6,367,236.2666667,139.2,-22.93333333,1096.333333,-1789.8,513.8,409.1333333,491.6666667,513,394.1333333,415.5333333,99.2,280.2666667,111.2,17.6,769.2666667,-960.8666667,1974.8,408,458,394,504,132,359,-124,-180,-220,-3780,-8980,-2132,309,472,513,383,394,85,52,-48,-92,-4024,-7985,-2222,24.75964459,18.09849595,31.78469233,1.30979218,8.436428944,6.099180273,218.7746075,144.8213612,110.6149277,2430.364792,5497.295495,1066.017211,51.48186304,12.29995483,0,6.641954197,8.196476208,8.58059827,160.4557952,99.01057183,69.27895303,2540.527936,4790.088223,2685.664889
504,495,498,507,156,381,368,212,60,2724,682,293,454,498,513,427,417,100,332,260,116,3001,1666,2625,488.9333333,480.2,486.4666667,506.4,144.0666667,376.8,237.8666667,104.2666667,-49.06666667,1622.666667,-1147.866667,-454.3333333,417.8,491.4666667,513,411.5333333,404.4,95.6,216,134.1333333,-1.6,1671.8,-502.8666667,1262.6,474,466,467,505,136,368,80,-16,-156,-580,-3645,-1181,323,485,513,405,393,91,136,36,-72,356,-3305,333,11.10835521,10.29044865,9.597684906,0.879393731,6.423567718,3.709447398,81.20251775,57.99248994,61.82067256,926.7812159,1335.148924,400.4188918,41.55670824,3.913509366,0,6.291440393,7.059745038,2.274496281,54.10113985,63.10823155,49.41902468,764.2290407,1758.500303,612.9516349
503,496,492,508,158,383,508,248,88,3036,1392,710,453,490,513,426,423,99,256,320,80,2810,1644,2615,470.4666667,486.8,443.2666667,507.1333333,138.0666667,376.2666667,261.3333333,153.8666667,-30.13333333,1690.133333,-1201.733333,-103.3333333,424.8666667,484.8,512.8666667,408.5333333,414.2,93.4,201.6,164.5333333,4,1584.6,-544.0666667,1514.133333,444,470,408,505,129,366,100,36,-180,-992,-4595,-952,354,479,512,393,406,88,76,-24,-40,520,-3884,114,19.42461211,8.803029781,28.95160713,1.146976702,8.386232103,4.878068835,102.4361047,60.99384304,79.54358693,1082.459598,2048.562308,596.8438843,25.06489355,3.350621833,0.339934634,9.149620514,4.664761516,3.47946356,54.25470794,76.84258079,31.29217154,688.5462754,1915.844826,735.4021001
515,502,493,508,158,375,392,332,88,4089,-662,1222,471,498,513,418,431,112,344,280,80,3399,389,3663,487.4666667,471.8666667,478.4666667,506.8,150.7333333,363.2666667,189.3333333,123.4666667,-40.53333333,318.5333333,-2989.466667,111.2,386.4,488.4666667,512.6666667,402.7333333,411.1333333,97.53333333,248,124.2666667,14.4,332.6,-2253.466667,2154.266667,426,458,444,505,133,354,32,-36,-192,-1966,-5819,-2294,341,467,512,392,399,87,108,-44,-36,-2403,-4871,821,21.26614419,13.73495136,12.98135415,0.653197265,8.706064298,5.824850976,104.4979532,105.3741693,81.17624174,2124.820333,1643.983368,1102.756256,47.66242405,9.858104393,0.471404521,8.613684203,10.26883094,8.585776351,67.12376628,96.81285498,35.71143608,2173.552018,1554.697993,836.0592855
508,503,478,508,159,390,560,260,132,4534,1623,2307,469,500,513,404,435,120,448,300,136,4385,1954,5404,495.8666667,480,454.7333333,506.6,146.6666667,374,298.9333333,118.4,-56.8,1250.533333,-2970.533333,528.5333333,396.0666667,489.9333333,512.5333333,398.0666667,419.2,105.2666667,228,141.0666667,-9.066666667,1149.066667,-2537.533333,2770,475,460,405,505,132,356,-60,-92,-152,-2839,-9055,-1535,305,477,512,387,402,93,72,-8,-108,-1582,-5617,1386,10.61989747,18.43908891,22.01050254,0.879393731,8.919392107,12.01110597,153.5323925,99.83239287,78.01811755,2419.324034,2876.925555,968.7514209,62.88769532,8.127867016,0.498887652,5.118159391,11.80508365,8.086751854,95.15180853,96.5038629,61.94133425,1959.93692,2355.85084,1080.948164
510,481,510,509,239,467,1664,204,180,5055,2145,3511,503,506,511,470,475,327,1056,604,212,8229,10662,5428,504,470.1428571,464.4285714,508.1428571,213.5,402.7142857,230.5714286,22.28571429,34.85714286,-1067.714286,-151.0714286,-68.21428571,438.7142857,502.9285714,423.7142857,458.8571429,445.3571429,243.4285714,196.5714286,-62.85714286,-95.14285714,502.2142857,489.0714286,564.5714286,485,447,304,508,199,224,-76,-228,-108,-14119,-2378,-2110,355,488,137,448,404,185,-232,-616,-452,-5175,-3200,-1685,7.901175319,8.322578094,65.69161099,0.349927106,15.05584841,66.81683767,421.2080779,104.5886012,74.68682915,4902.632783,1451.232061,1638.030358,42.38501853,5.662713707,135.5029934,5.680255815,19.08480002,37.82802114,305.439663,276.2335599,180.0138317,3383.194205,3340.801304,1687.026959
509,470,493,508,192,419,276,144,24,214,456,-33,480,496,511,444,417,137,252,124,-12,867,757,1029,508.6428571,464.1428571,472.7142857,508,189.5714286,390.7142857,249.1428571,68.57142857,2.285714286,-70.85714286,-32.64285714,-305.4285714,424.2857143,487.5,383.3571429,440.9285714,404.7142857,127,227.1428571,70,-32.85714286,100.8571429,207.7142857,258,508,455,427,508,187,372,184,16,-16,-440,-423,-803,384,481,262,439,393,120,176,16,-76,-566,-337,-432,0.479157424,4.793703353,19.24440019,0,1.34771159,12.69098989,21.82677629,29.03621946,12.80306086,149.5014845,257.1893708,208.1039281,37.0413448,4.305312333,101.447106,1.386891988,7.60102034,5.903993806,16.98258412,26.47910227,19.83812038,443.8709364,342.2470763,441.91612
510,505,448,508,190,382,360,284,176,8021,5097,-267,486,501,511,449,443,241,380,132,24,8030,3644,3224,461.8571429,490.5,386.1428571,508,173.2857143,358.3571429,252,44.28571429,78.57142857,658,1400.285714,-580.3571429,472.0714286,495.2857143,509.5,446.1428571,425.7857143,196.1428571,250.5714286,-24.57142857,-56,4766.571429,1017.285714,-1169,404,470,311,508,159,340,156,-116,-140,-602,-1431,-985,450,489,499,436,414,185,184,-324,-240,-1021,-2374,-4951,42.27099165,12.45993579,46.62595406,0,11.20859728,13.65182951,45.607017,107.1763757,76.95055396,2090.157752,1673.827753,203.2983758,11.11282583,4.095791768,3.311236282,3.997448166,7.811882629,15.51431202,62.80322363,104.5027097,62.95576678,2564.824213,1777.98439,2463.828148
501,494,508,508,211,453,352,252,152,-446,103,539,507,507,511,444,458,234,628,524,716,3386,5009,8911,489.5333333,485,459.5333333,508,208,435.5333333,235.4666667,116.5333333,45.33333333,-1326.666667,-889.6666667,-3,382.2666667,499.6,511,437.8666667,426.1333333,206.3333333,242.6666667,40.53333333,-43.46666667,-1629.933333,96.86666667,1571.066667,483,468,425,508,204,419,116,0,-96,-2428,-2461,-390,236,489,511,431,372,149,-236,-216,-340,-10175,-4284,-1722,4.470147897,7.974960815,28.46487114,0,1.712697677,8.905928113,63.83088768,65.07213092,78.52869256,510.6344637,840.1750347,268.6015637,98.12201022,6.031030868,0,3.180496118,30.24095824,28.05866869,186.3998093,179.7293768,230.7731546,3338.326456,2406.217221,2788.374926
509,508,475,509,216,482,660,844,220,11971,2594,4828,496,506,511,449,450,216,812,496,56,8158,2944,3849,489.3333333,506.4666667,363.2666667,508.1333333,185.8,417.8,296.5333333,88.26666667,-2.133333333,1940.8,179.8666667,1674.6,447,496.7333333,511,439.5333333,440.5333333,204.2,313.6,-9.6,-94.93333333,2945.933333,1084.866667,1292.6,466,504,205,508,118,277,128,-364,-260,-6150,-3497,-1296,374,478,511,434,432,191,-112,-996,-312,635,-1631,-1231,15.87730736,1.024152766,96.55082714,0.339934634,31.08096953,62.0969135,141.1938935,291.1108533,144.6125244,3787.578174,2196.531474,1988.79229,40.25419233,9.044089537,0,3.99777716,6.312597634,7.884161338,220.456738,324.7146029,102.5693045,1801.141692,1568.50051,1409.269305
495,506,481,509,214,483,720,788,588,15128,3045,7166,473,505,511,448,433,162,1488,788,1520,7336,7999,5537,466.8571429,505.3571429,397.2857143,508.4285714,197.9285714,456.1428571,290,233.1428571,70.57142857,2774.857143,261.3571429,3092.071429,454.1428571,494.0714286,511,440.7142857,424.3571429,153.2142857,497.7142857,28.57142857,-127.4285714,2209.285714,760.7857143,2501.785714,439,504,148,508,162,403,-8,-336,-436,-2142,-6078,-104,438,475,511,436,413,144,-20,-552,-1116,-16911,-3656,-471,15.81526,0.894997435,96.12375102,0.494871659,17.82640211,22.90931546,191.3247053,327.0454003,292.4443083,5184.433539,2370.749146,2344.205697,10.70952275,9.647089018,0,3.260774917,5.959471967,4.959530096,421.601611,335.6694195,563.659182,5581.19262,3727.155276,1585.856604
483,506,502,509,229,490,612,404,236,3161,10578,2915,509,508,511,445,489,282,436,384,152,3256,6197,1695,449.7142857,497,441.9285714,508.8571429,212.3571429,475.2857143,291.1428571,187.4285714,74.85714286,-1680.357143,4959.571429,-1039.142857,487.1428571,506.5714286,511,440.3571429,472.5,269.1428571,176.5714286,56.57142857,-90.85714286,-235.4285714,4189.357143,-2776.928571,412,477,404,508,192,455,-44,20,-148,-6870,586,-6220,388,494,511,437,460,257,-184,-156,-420,-3527,459,-5587,27.7268013,9.569296138,27.80920784,0.349927106,13.87498851,11.65227489,193.74315,108.4947097,115.0545567,2976.501676,3080.174872,2399.277476,31.67436355,3.639354058,0,1.985919825,7.789645141,8.288176974,160.5409224,128.4265851,147.1980479,2115.649063,1516.993955,2067.228768
510,507,507,509,198,450,868,604,376,6846,5348,4071,489,508,511,456,463,270,288,588,216,7219,100,4389,481.5,498.8571429,468.2142857,508.2857143,188.2857143,438.7142857,267.4285714,78,6.571428571,1885.142857,-2834.214286,1435.5,406.3571429,506.7142857,511,445.7857143,458.5714286,232.5714286,151.7142857,79.42857143,-90.85714286,1947.142857,-3170.642857,2948.928571,425,478,376,508,165,413,16,-260,-180,-3859,-7956,-1752,289,504,511,429,452,207,-32,-392,-284,-347,-5820,1360,33.45092354,9.62034409,44.96693797,0.451753951,9.57995356,8.421304373,223.0585171,205.5334523,134.7472312,2789.488352,3977.629556,1376.900492,71.09410981,1.435696517,0,9.064676903,3.437488404,20.11649744,107.5914419,254.1039479,124.7940344,1852.20185,1661.590916,825.935873
505,506,493,509,191,455,416,312,272,2329,4621,1828,482,507,511,444,429,123,624,760,324,4629,3444,2046,494.9333333,497.9333333,445.8666667,508.0666667,180.7333333,444,259.7333333,137.6,-15.73333333,1076.733333,1623.466667,289.6666667,460.4666667,503.5333333,511,435.2,412.9333333,84.53333333,300,101.6,-24.26666667,1353.066667,2100.2,739.2,490,484,373,508,172,431,60,16,-144,-901,-1554,-1822,444,500,511,426,402,65,32,-212,-532,-629,1140,-1365,5.02615382,8.176932323,38.19226216,0.249443826,5.195724738,8.016649342,112.3752444,91.04782626,115.7050657,811.0348506,1387.552707,1000.565684,13.18011971,1.961858529,0,5.243408561,8.070247139,15.9827685,178.1205584,255.0055686,198.4014337,1403.916639,604.6640059,949.5045164
509,505,500,509,196,447,608,412,116,7910,-1447,3503,451,509,511,442,451,33,420,460,28,3814,-303,5038,496.6428571,488.1428571,478.8571429,508.0714286,186.4285714,427.7857143,318,137.4285714,-15.42857143,2030.642857,-4630.785714,1949.214286,395,505.3571429,511,433.3571429,431.4285714,28.42857143,209.1428571,136.5714286,-109.4285714,1799,-2968.5,3611.571429,474,469,430,508,175,407,116,-196,-184,-2212,-7926,937,310,502,511,421,414,23,44,-72,-308,-467,-5057,1984,11.95591392,14.5300533,22.65851194,0.257539377,7.326217946,9.770060472,155.9981685,140.8432332,86.67650389,2290.949541,1866.294693,726.4642532,49.87555943,2.286830085,0,6.36516348,11.3623079,3.06394437,107.9092589,141.2584836,85.70523762,1442.103077,1638.223243,979.5616158
510,488,490,508,183,470,440,308,60,2834,1197,1404,498,507,511,433,446,63,384,296,344,4301,3259,2266,508.2857143,480.2857143,451.5,508,178.8571429,443.7142857,250.8571429,156.8571429,-38.28571429,1885.785714,-38.14285714,358.7857143,490.7142857,502.6428571,502.3571429,427.3571429,426.2857143,53,238.2857143,154.5714286,5.142857143,2259.857143,723.1428571,1268.214286,504,473,408,508,173,421,60,40,-148,930,-1645,-850,470,493,390,416,395,32,-20,-24,-132,523,-1447,37,1.484614978,5.364280959,28.55758593,0,2.824817133,15.33636468,102.309654,87.85934957,49.81598793,500.1055858,691.8107562,594.6607891,7.544426244,3.497083333,31.1622646,6.078147543,13.40803901,8.246211251,127.7561453,88.15061323,123.0788697,981.4855255,1301.694712,711.5547543
505,480,498,508,189,449,544,208,76,-1245,2147,2710,492,508,511,432,418,25,404,752,152,-228,2467,2554,502.4285714,474.8571429,481.6428571,508,185,417.2142857,311.4285714,104,-18.85714286,-2151.071429,775.7857143,1129.285714,406.7142857,505.0714286,511,428.2857143,403.2142857,13,179.4285714,243.1428571,-66.57142857,-2397.785714,1205.142857,1556.642857,498,468,450,508,182,402,148,-12,-176,-2862,-314,-67,359,499,511,425,386,3,-372,-132,-284,-4526,77,305,1.635074735,3.943478212,11.96785661,0,2.618614683,13.52869211,105.4065018,63.51602722,65.21049121,442.2672857,752.7339863,853.1469835,43.05715234,2.462991379,0,1.943067216,11.80906777,5.891883036,174.0598068,217.9760331,144.7567982,946.1543349,711.270077,581.4566201
488,506,498,509,193,477,716,284,164,5595,4167,4703,509,507,511,448,455,149,1024,1360,304,12817,3001,4375,458.2666667,503.8666667,403,508.4,170.4666667,439.9333333,344.8,69.86666667,-45.33333333,2372.933333,231.9333333,2025.666667,462.8666667,494.6666667,511,439.2,446.1333333,130.6666667,242.6666667,98.66666667,-66.4,2448.333333,281.9333333,2384.533333,433,500,287,508,125,360,156,-440,-364,964,-2662,-123,429,480,511,434,440,109,-176,-612,-248,-4473,-1916,703,18.41907224,1.499629584,64.27856045,0.489897949,19.69387948,38.69102681,147.5936765,175.6533961,147.1627972,1279.088815,2003.675971,1451.644018,23.99685165,7.786027371,0,4.693257575,4.54410485,12.92370776,265.2964799,404.037402,152.586937,3603.619693,1601.635517,1219.730892
495,500,500,509,185,476,720,600,156,13130,5827,1773,435,506,511,461,453,128,448,456,256,4158,4262,3460,485.8571429,492.3571429,451.2857143,508.1428571,176.5714286,454,310,108.2857143,-28.85714286,1520.571429,2202,708.2142857,406.0714286,504.0714286,511,444.3571429,445,112.0714286,277.4285714,129.4285714,-86.28571429,1565.571429,2989.642857,607.5714286,476,485,382,508,158,417,-40,-308,-268,-8705,-646,-908,357,502,511,435,438,103,4,-200,-188,-1608,1655,-1579,6.266203486,5.286196889,35.38649575,0.349927106,7.669180304,14.01020037,217.8741445,228.688006,124.3054172,4212.253939,1525.213943,833.4855538,23.3435959,1.437472271,0,7.344649587,4.840306956,6.87089395,126.3881291,187.7421158,110.9925535,1638.046123,606.9342877,1466.56804
471,473,509,508,149,399,516,1412,448,10473,2557,2533,466,489,511,440,438,32,536,392,116,2908,1156,2723,405.4285714,449.9285714,492.2142857,507.7142857,131.6428571,375.5714286,276.5714286,217.7142857,15.42857143,2211.214286,-1318.642857,845.9285714,457.0714286,486.2142857,511,434.2857143,435.5714286,29.35714286,230,99.42857143,-42.85714286,1712.642857,-555.2857143,1860.142857,333,439,420,507,113,346,24,-480,-320,-3684,-4951,79,432,484,511,430,432,27,-28,-296,-224,-5,-2148,895,54.64785225,9.52038629,22.47912864,0.451753951,14.55338519,17.30282506,122.2723624,478.2054891,157.6604463,3001.584443,2441.655077,712.793545,10.24321577,1.263700429,0,2.657296463,1.678191446,1.540275618,133.7438917,186.0559495,92.89537674,844.1505965,997.9021873,602.4305363
465,510,489,329,431,436,252,76,116,100,-87,-266,447,471,467,239,471,336,228,0,-68,103,7,341,462.9285714,510,486.7857143,328,429.6428571,436,243.1428571,65.71428571,94.85714286,-44.5,-117.9285714,-302,445.1428571,469.2857143,458.2142857,234.2142857,469.4285714,333.5,225.1428571,-3.428571429,-80.28571429,91.07142857,-10.42857143,307.9285714,461,510,483,326,429,436,216,44,88,-253,-159,-367,443,467,446,230,467,331,212,-8,-96,78,-36,287,1.279748062,0,2.076348836,1,0.717848259,0,8.576189154,7.045044575,9.37212541,102.069829,21.28199872,30.16147022,1.406979686,1.160576915,6.591970998,2.623481096,1.178030179,1.546886273,4.389226142,2.969229956,6.67006716,6.984311866,13.91152803,17.06903749
468,510,487,330,430,436,248,72,96,33,-67,-265,445,468,458,241,470,334,228,0,-76,118,51,359,466.5714286,510,484.6428571,326.5714286,429.2142857,435.6428571,243.4285714,67.42857143,92.57142857,9.857142857,-106.8571429,-313,444.4285714,467.4285714,452.4285714,239.1428571,468.5714286,332.7857143,225.1428571,-4,-80.28571429,98.5,-12.64285714,315.2857143,466,510,482,319,429,435,240,64,88,-15,-138,-345,444,466,448,236,467,332,220,-8,-88,79,-52,258,0.622699849,0,1.715773164,3.331972511,0.410325903,0.479157424,2.55550626,2.55550626,2.55550626,13.4262916,18.82193683,21.7912171,0.494871659,0.728431359,2.664965444,1.807015806,0.903507903,0.557874977,2.356060357,2.618614683,3.843892585,10.25914226,29.14399508,28.42390486
467,510,488,335,442,441,248,72,112,43,50,-171,441,461,485,230,480,343,244,4,-68,193,233,572,464.1428571,510,484.5714286,332.5,437.7142857,440.0714286,244.2857143,66,94,-11.64285714,-75.71428571,-284.5,437.3571429,454.6428571,477.8571429,225.1428571,479.5714286,330.2857143,227.1428571,-4.857142857,-78.85714286,81.71428571,33.78571429,273.5,461,510,481,330,433,440,240,60,84,-108,-166,-362,435,449,468,219,478,327,224,-16,-92,0,-208,48,1.921946292,0,2.527400859,1.295596939,2.343031352,0.257539377,2.373321104,4.472135955,6.546536707,40.40970029,56.71914337,58.49633688,1.949620581,4.063902819,4.580348441,3.181579636,0.728431359,4.681705602,5.276052946,6.081084758,5.938459912,51.62284734,126.7653505,142.4222846
509,510,510,341,431,459,340,216,196,4485,616,426,445,474,501,265,494,514,400,120,8,1536,551,722,480.2857143,510,507.8571429,330.2142857,425.6428571,455.7142857,252.2857143,49.42857143,93.42857143,719.9285714,22.5,-48.85714286,417.8571429,461.7142857,405.2142857,231.7857143,457.8571429,391.2857143,200.2857143,34,-92,305.2857143,-162.5,-2.142857143,431,510,496,293,422,454,140,-52,-60,-464,-720,-626,398,455,326,171,426,337,-136,-16,-200,-166,-1294,-1031,30.18379076,0,4.103259033,12.45665956,3.153391436,1.531972185,46.97632925,72.19983606,72.13649194,1634.399998,419.778981,322.4010052,17.04974714,5.469768491,62.09115255,31.22539848,24.58761925,72.0589328,116.9953775,33.76388603,65.39550006,530.4999567,464.9269912,485.7691776
508,510,511,336,435,460,316,280,264,1922,1811,1182,438,475,504,381,489,345,284,140,96,1895,447,1387,475.2142857,510,506.6428571,302.3571429,429.5,452.2142857,216.8571429,60.57142857,92.85714286,290.2857143,91,-285.9285714,405.7142857,447.3571429,484.6428571,289.7857143,453,319.2142857,214.5714286,7.142857143,-97.71428571,151.1428571,-62,216.3571429,445,510,499,267,420,443,-8,-68,-44,-641,-2149,-1653,384,427,429,219,414,283,152,-120,-340,-366,-1912,-747,21.44487475,0,4.592029474,24.12647373,4.531634836,6.773673528,91.81569827,76.14808344,73.35516064,761.3478113,944.9653055,715.2485546,17.45782089,15.74169687,23.38988531,56.26109868,23.90457219,22.14297235,40.83715795,79.15523369,100.1452007,630.1057572,589.4613764,475.9068947
485,510,510,272,429,458,480,192,144,1135,303,229,428,447,505,285,484,351,636,244,68,608,884,692,466.1428571,510,508.7142857,268.5,424.3571429,457,243.1428571,67.14285714,80.28571429,270.2142857,134.7857143,-13.42857143,408.5,438.8571429,479.4285714,268.4285714,475.5714286,339.8571429,262.8571429,-4,-101.1428571,110.3571429,203,289.7142857,450,510,507,265,421,456,88,-48,-20,-131,-269,-513,387,430,408,235,467,334,-48,-116,-200,-337,-231,-407,12.68214235,0,1.27775313,2.129721645,2.021567385,0.654653671,88.46860391,58.18548806,43.59460742,350.9682889,168.2329077,221.4225806,13.97829951,4.564727231,31.3658465,16.93565253,5.57692037,6.334228365,176.534439,96.74709298,78.41907307,327.6059495,318.9209486,306.4416581
490,510,510,271,424,453,348,252,224,1061,453,492,430,454,496,306,484,340,332,304,84,1102,527,426,467.0666667,510,505.7333333,261.2666667,420.1333333,451.8666667,234.1333333,58.66666667,106.4,298.9333333,58,-87,417.8666667,448.9333333,476.8,271.0666667,472.2,332.6666667,236.8,57.06666667,-77.06666667,497.2666667,59.4,98.33333333,457,510,496,257,417,451,64,-48,-68,-215,-311,-386,411,441,453,237,460,329,108,-48,-168,-384,-809,-226,10.41451978,0,3.940671122,4.552898954,1.857118437,0.718021974,86.01229886,65.65634437,73.86907337,375.227836,211.6579001,244.7169794,5.572152985,3.837823457,14.00095235,23.75560753,7.063521313,3.339993347,65.72995258,101.1134456,67.73228346,401.4999322,376.7596581,199.8151368
505,510,510,270,434,448,452,324,248,2193,2038,-423,425,443,501,264,482,356,404,288,164,-751,700,3587,490.4,510,503.9333333,262.8666667,426.6666667,446.8666667,265.8666667,76.53333333,114.4,-1239,-1751.466667,-1455,409.6666667,429.6666667,448.2,227.2666667,469.0666667,342.8,225.0666667,38.93333333,-66.66666667,-1525.333333,-80.73333333,1543.666667,483,510,492,252,421,446,32,-152,-76,-3395,-4746,-2792,397,420,354,204,452,336,60,-92,-276,-2724,-1210,-128,6.437390776,0,5.790413533,6.064834888,4.173993558,0.884433277,135.101871,109.844658,74.74472111,1588.448341,1678.705131,710.3630058,9.51256479,7.327270221,39.19727882,15.34260589,9.787520399,5.968807809,102.4131936,90.59762077,105.9979035,565.4871253,537.3662273,1096.240708
488,510,509,281,431,451,344,240,228,1606,1755,909,417,448,501,301,488,377,404,220,144,2556,1653,2277,478.9285714,510,507,268.5714286,425.7142857,446.1428571,174.2857143,47.71428571,109.7142857,-620.0714286,139.2142857,60.92857143,404.5,430.3571429,445.2142857,240.5714286,467.9285714,347.3571429,245.4285714,44,-93.42857143,-54.42857143,371.5714286,112.2142857,469,510,503,254,423,444,-52,-72,0,-3336,-1103,-1860,389,417,332,185,433,324,88,-128,-196,-2573,-1091,-1527,5.457161556,0,1.927248223,8.845614617,2.217739242,2.641891716,104.4245651,100.5296179,69.62289091,1212.026842,815.0231529,704.8356915,9.759610648,10.6811392,54.0081721,34.20466611,17.4005923,17.01095085,101.0188909,93.01305592,93.43730846,1598.408035,955.3026233,1112.316064
504,510,509,278,443,469,772,220,236,2070,1247,1527,424,482,504,293,486,516,400,164,0,1263,952,4832,461.7333333,510,506.4666667,252.7333333,429.8,464.1333333,297.6,38.93333333,26.4,-34.26666667,-1232.8,-1088.533333,394.0666667,463.2,451.8666667,256.9333333,467.8666667,429.8666667,223.2,-32.8,-80,-114.7333333,-389.5333333,1489.4,404,510,503,234,422,458,-20,-224,-360,-2240,-3909,-3155,367,450,361,225,443,356,76,-180,-228,-2334,-2566,-731,33.06451606,0,2.093375796,13.63068434,7.194442299,3.862066229,198.2795333,112.4511548,147.0840123,1465.719776,1788.223446,1454.553992,18.47328401,11.17855089,48.11079805,19.709445,14.69179665,61.45010623,85.36915915,95.89104929,61.34492644,1146.303768,840.5808204,1693.65651
489,510,509,256,446,456,568,1248,484,2451,3094,3621,461,480,481,280,494,504,988,616,1068,2617,745,6532,443.3333333,510,506,247.8666667,429.8666667,454.1333333,199.4666667,161.6,52.26666667,-11.26666667,-1974.6,-1506.466667,407.4,473.5333333,432.2666667,247.3333333,477.6666667,379.6,354.1333333,23.2,23.46666667,181.2666667,-712,2030.8,373,510,499,237,417,452,-640,-608,-224,-4219,-4232,-4553,373,463,354,218,453,346,-12,-384,-284,-2205,-4074,-78,46.57991937,0,2.708012802,4.814792023,10.55693558,1.024152766,278.3987229,431.0626869,167.086192,1961.062415,1879.342573,2188.665251,31.75699398,4.814792023,42.63874086,19.92541649,13.47920209,45.77160692,264.3426732,255.6756278,345.2314908,1363.56799,1178.50029,1672.951771
358,511,510,253,424,447,1016,920,904,6103,4571,5527,463,485,365,296,496,414,880,296,352,8435,6357,4174,349.8,510.0666667,508.8,242,416.4666667,445.2666667,48.8,124.8,-233.6,1362.666667,16.33333333,1793.8,456.5333333,481.1333333,314,270.1333333,492.0666667,363,212.8,-78.13333333,22.93333333,712.2,1535.066667,193.9333333,341,510,508,233,409,444,-664,-336,-1740,-1560,-7428,-1250,450,478,263,255,486,337,-480,-1148,-340,-6760,-827,-4987,4.982636518,0.249443826,0.653197265,4.926120854,4.54410485,0.77172246,401.1216274,393.4129637,722.7618142,1906.880443,2477.294618,1806.377635,3.422799374,2.21710522,27.77048793,10.32063736,3.234535859,25.02532051,277.932174,329.8900558,168.313781,4448.706047,1984.65656,2282.495753
502,510,509,295,445,444,1048,916,1200,2725,971,780,383,479,427,338,484,488,1476,952,404,51,2355,8405,488.8,510,506.6666667,269.4,439.6,442.4666667,172.2666667,45.33333333,-26.93333333,-2029,-3088.533333,-2077.266667,359.1333333,471,295.5333333,301.1333333,460,388.6,258.4,6.666666667,-77.86666667,-2731.933333,-573.1333333,2962.666667,471,510,503,250,432,441,-1020,-400,-1004,-9432,-6914,-6476,343,458,161,260,404,311,-208,-404,-752,-9475,-4199,-981,11.32077736,0,2.270584849,13.6762568,3.261901286,1.257864151,569.6735283,314.0876028,581.0546121,2551.719551,2433.83368,2160.14146,12.81596227,6.850790709,85.02694998,19.30066205,20.30763403,46.08803171,513.3498872,318.9103671,294.1414323,2483.540684,1674.571781,2821.229275
470,510,509,256,449,444,648,836,1364,2967,904,1511,436,489,482,296,493,417,2040,1412,200,4193,1438,4398,414.8,510,505.4,244.0666667,427.8,441.5333333,262.9333333,-58.66666667,55.73333333,-668.2666667,-2159.466667,-1897.466667,390.2,481,447.8666667,264.6666667,476.1333333,341.8666667,186.4,140,-77.86666667,-607.0666667,-519.3333333,1591.066667,331,510,499,230,409,439,-76,-1688,-708,-7752,-4774,-4533,344,464,370,235,429,322,-396,-336,-396,-6312,-3738,-844,51.16535286,0,3.421500645,8.070247139,14.17133256,1.30979218,202.9671457,546.985273,526.5261585,2558.157578,1754.496656,1504.355759,35.06413172,7.518865163,32.21566217,16.60388174,17.33922977,21.59588438,541.7912021,391.2400797,152.685239,2706.383995,1327.637785,1440.216996
461,510,510,252,443,448,980,504,1396,7101,5910,6212,471,488,473,299,493,443,928,696,72,4298,5403,970,410.3333333,510,509.2,242.6,437.1333333,444,297.0666667,27.73333333,186.9333333,742.9333333,1494.8,2053.733333,414.3333333,480.5333333,400.2,266,480.8666667,347.2,353.0666667,94.13333333,-231.2,516.4666667,2069.266667,-1087.733333,354,510,508,231,427,440,-304,-560,-540,-5137,-1502,-975,368,471,291,235,459,328,-64,-216,-1684,-3435,-421,-4433,41.27253593,0,0.54160256,6.322446784,5.239168721,2.581988897,370.330207,285.6663477,479.4384864,2921.653766,1715.243586,2053.017372,34.7403064,4.924316083,59.05387371,16.761066,11.37169977,26.50584841,288.8744749,262.7845421,423.6179411,1640.020929,1692.275173,1446.141877